2022-11-17 09:00:16,18162.6
2022-11-17 09:00:17,18176
2022-11-17 09:00:18,18177.1
2022-11-17 09:00:19,18183.25
2022-11-17 09:00:20,18178.35
2022-11-17 09:00:21,18198.4
2022-11-17 09:00:22,18207.5
2022-11-17 09:00:23,18212
2022-11-17 09:00:24,18226.3
2022-11-17 09:00:25,18227.5
2022-11-17 09:00:26,18238.15
2022-11-17 09:00:27,18238.1
2022-11-17 09:00:28,18244.2
2022-11-17 09:00:29,18254.1
2022-11-17 09:00:30,18254.15
2022-11-17 09:00:31,18254.25
2022-11-17 09:00:32,18253.35
2022-11-17 09:00:33,18245.2
2022-11-17 09:00:34,18240.15
2022-11-17 09:00:35,18240.7
2022-11-17 09:00:36,18238
2022-11-17 09:00:37,18204.95
2022-11-17 09:00:38,18220.95
2022-11-17 09:00:39,18224
2022-11-17 09:00:40,18219.95
2022-11-17 09:00:41,18222.6
2022-11-17 09:00:42,18214.95
2022-11-17 09:00:43,18215.4
2022-11-17 09:00:44,18214.85
2022-11-17 09:00:45,18201.95
2022-11-17 09:00:46,18205.8
2022-11-17 09:00:47,18205.6
2022-11-17 09:00:48,18207.85
2022-11-17 09:00:49,18207.6
2022-11-17 09:00:50,18207.6
2022-11-17 09:00:51,18208.55
2022-11-17 09:00:52,18208.5
2022-11-17 09:00:53,18209.8
2022-11-17 09:00:54,18209.95
2022-11-17 09:00:55,18208.3
2022-11-17 09:00:56,18213.75
2022-11-17 09:00:57,18206.8
2022-11-17 09:00:58,18207
2022-11-17 09:00:59,18207
2022-11-17 09:01:00,18288.55
2022-11-17 09:01:01,18288.4
2022-11-17 09:01:02,18295.45
2022-11-17 09:01:03,18295
2022-11-17 09:01:04,18295.5
2022-11-17 09:01:05,18295.05
2022-11-17 09:01:06,18295.45
2022-11-17 09:01:07,18296.65
2022-11-17 09:01:08,18296.75
2022-11-17 09:01:09,18297.3
2022-11-17 09:01:10,18296.45
2022-11-17 09:01:11,18295.9
2022-11-17 09:01:12,18296.2
2022-11-17 09:01:13,18296.85
2022-11-17 09:01:14,18296.9
2022-11-17 09:01:15,18297.05
2022-11-17 09:01:16,18297
2022-11-17 09:01:17,18297
2022-11-17 09:01:18,18297.1
2022-11-17 09:01:19,18297.35
2022-11-17 09:01:20,18300
2022-11-17 09:01:21,18288.85
2022-11-17 09:01:22,18288.65
2022-11-17 09:01:23,18288.55
2022-11-17 09:01:24,18288.65
2022-11-17 09:01:25,18289.05
2022-11-17 09:01:26,18289.75
2022-11-17 09:01:27,18279.15
2022-11-17 09:01:28,18277.6
2022-11-17 09:01:29,18278.6
2022-11-17 09:01:30,18280.1
2022-11-17 09:01:31,18293.65
2022-11-17 09:01:32,18293.65
2022-11-17 09:01:33,18293.85
2022-11-17 09:01:34,18301.3
2022-11-17 09:01:35,18301
2022-11-17 09:01:36,18299
2022-11-17 09:01:37,18299
2022-11-17 09:01:38,18300.45
2022-11-17 09:01:39,18300.9
2022-11-17 09:01:40,18301.2
2022-11-17 09:01:41,18300.9
2022-11-17 09:01:42,18303.4
2022-11-17 09:01:43,18305.8
2022-11-17 09:01:44,18308.05
2022-11-17 09:01:45,18345.65
2022-11-17 09:01:46,18350.85
2022-11-17 09:01:47,18350.25
2022-11-17 09:01:48,18350.25
2022-11-17 09:01:49,18350.25
2022-11-17 09:01:50,18347.1
2022-11-17 09:01:51,18348.55
2022-11-17 09:01:52,18335.8
2022-11-17 09:01:53,18304.2
2022-11-17 09:01:54,18304.1
2022-11-17 09:01:55,18303.4
2022-11-17 09:01:56,18301.3
2022-11-17 09:01:57,18301.25
2022-11-17 09:01:58,18301.35
2022-11-17 09:01:59,18301.4
2022-11-17 09:02:00,18309.55
2022-11-17 09:02:01,18315.35
2022-11-17 09:02:02,18309.3
2022-11-17 09:02:03,18313.65
2022-11-17 09:02:04,18311.75
2022-11-17 09:02:05,18312
2022-11-17 09:02:06,18312.1
2022-11-17 09:02:07,18312
2022-11-17 09:02:08,18312
2022-11-17 09:02:09,18311.9
2022-11-17 09:02:10,18311.45
2022-11-17 09:02:11,18311.65
2022-11-17 09:02:12,18311.75
2022-11-17 09:02:13,18311.8
2022-11-17 09:02:14,18311.75
2022-11-17 09:02:15,18311.5
2022-11-17 09:02:16,18311
2022-11-17 09:02:17,18311.15
2022-11-17 09:02:18,18311.15
2022-11-17 09:02:19,18311.1
2022-11-17 09:02:20,18311.35
2022-11-17 09:02:21,18311
2022-11-17 09:02:22,18311.45
2022-11-17 09:02:23,18311.45
2022-11-17 09:02:24,18315.35
2022-11-17 09:02:25,18315.35
2022-11-17 09:02:26,18315.65
2022-11-17 09:02:27,18316.05
2022-11-17 09:02:28,18316.05
2022-11-17 09:02:29,18323.2
2022-11-17 09:02:30,18322.95
2022-11-17 09:02:31,18323.95
2022-11-17 09:02:32,18323.55
2022-11-17 09:02:33,18323.6
2022-11-17 09:02:34,18324.8
2022-11-17 09:02:35,18324.6
2022-11-17 09:02:36,18325.85
2022-11-17 09:02:37,18325.6
2022-11-17 09:02:38,18326.55
2022-11-17 09:02:39,18326.55
2022-11-17 09:02:40,18321.95
2022-11-17 09:02:41,18322.65
2022-11-17 09:02:42,18323.1
2022-11-17 09:02:43,18323.2
2022-11-17 09:02:44,18320.05
2022-11-17 09:02:45,18319.6
2022-11-17 09:02:46,18318.5
2022-11-17 09:02:47,18318.5
2022-11-17 09:02:48,18318.4
2022-11-17 09:02:49,18315.45
2022-11-17 09:02:50,18314.9
2022-11-17 09:02:51,18317.3
2022-11-17 09:02:52,18316.9
2022-11-17 09:02:53,18316.4
2022-11-17 09:02:54,18316.75
2022-11-17 09:02:55,18316.65
2022-11-17 09:02:56,18317
2022-11-17 09:02:57,18317.1
2022-11-17 09:02:58,18317.3
2022-11-17 09:02:59,18319.1
2022-11-17 09:03:00,18319
2022-11-17 09:03:01,18317.4
2022-11-17 09:03:02,18315.25
2022-11-17 09:03:03,18317.05
2022-11-17 09:03:04,18315.75
2022-11-17 09:03:05,18315.4
2022-11-17 09:03:06,18315.9
2022-11-17 09:03:07,18316.1
2022-11-17 09:03:08,18316.2
2022-11-17 09:03:09,18316.55
2022-11-17 09:03:10,18320.15
2022-11-17 09:03:11,18325.15
2022-11-17 09:03:12,18332.65
2022-11-17 09:03:13,18334.15
2022-11-17 09:03:14,18334.4
2022-11-17 09:03:15,18335.2
2022-11-17 09:03:16,18334.8
2022-11-17 09:03:17,18336.65
2022-11-17 09:03:18,18336.4
2022-11-17 09:03:19,18336
2022-11-17 09:03:20,18336.1
2022-11-17 09:03:21,18330.6
2022-11-17 09:03:22,18333.8
2022-11-17 09:03:23,18333.9
2022-11-17 09:03:24,18335.45
2022-11-17 09:03:25,18337.2
2022-11-17 09:03:26,18329.8
2022-11-17 09:03:27,18330.65
2022-11-17 09:03:28,18330.8
2022-11-17 09:03:29,18330.95
2022-11-17 09:03:30,18332.1
2022-11-17 09:03:31,18329.5
2022-11-17 09:03:32,18329.8
2022-11-17 09:03:33,18329.5
2022-11-17 09:03:34,18329.2
2022-11-17 09:03:35,18326.75
2022-11-17 09:03:36,18326.95
2022-11-17 09:03:37,18325.1
2022-11-17 09:03:38,18324.9
2022-11-17 09:03:39,18324.1
2022-11-17 09:03:40,18324.1
2022-11-17 09:03:41,18322.95
2022-11-17 09:03:42,18321.65
2022-11-17 09:03:43,18320.05
2022-11-17 09:03:44,18321
2022-11-17 09:03:45,18322.05
2022-11-17 09:03:46,18322.55
2022-11-17 09:03:47,18321.55
2022-11-17 09:03:48,18321.55
2022-11-17 09:03:49,18321.6
2022-11-17 09:03:50,18321.6
2022-11-17 09:03:51,18321.9
2022-11-17 09:03:52,18321.4
2022-11-17 09:03:53,18321.6
2022-11-17 09:03:54,18322
2022-11-17 09:03:55,18320.3
2022-11-17 09:03:56,18321
2022-11-17 09:03:57,18321.1
2022-11-17 09:03:58,18321.35
2022-11-17 09:03:59,18320.75
2022-11-17 09:04:00,18319.35
2022-11-17 09:04:01,18315.85
2022-11-17 09:04:02,18314.45
2022-11-17 09:04:03,18314.45
2022-11-17 09:04:04,18314.35
2022-11-17 09:04:05,18315.15
2022-11-17 09:04:06,18314.1
2022-11-17 09:04:07,18314.2
2022-11-17 09:04:08,18313.95
2022-11-17 09:04:09,18314.3
2022-11-17 09:04:10,18314.3
2022-11-17 09:04:11,18314.2
2022-11-17 09:04:12,18314.55
2022-11-17 09:04:13,18314.75
2022-11-17 09:04:14,18314.8
2022-11-17 09:04:15,18314.7
2022-11-17 09:04:16,18316.5
2022-11-17 09:04:17,18316.5
2022-11-17 09:04:18,18316.85
2022-11-17 09:04:19,18315.4
2022-11-17 09:04:20,18313.9
2022-11-17 09:04:21,18315.45
2022-11-17 09:04:22,18315.7
2022-11-17 09:04:23,18315.4
2022-11-17 09:04:24,18314.95
2022-11-17 09:04:25,18314.95
2022-11-17 09:04:26,18319.8
2022-11-17 09:04:27,18319.5
2022-11-17 09:04:28,18319.35
2022-11-17 09:04:29,18323.1
2022-11-17 09:04:30,18323.1
2022-11-17 09:04:31,18322.25
2022-11-17 09:04:32,18322.7
2022-11-17 09:04:33,18324.85
2022-11-17 09:04:34,18325
2022-11-17 09:04:35,18324.75
2022-11-17 09:04:36,18325.15
2022-11-17 09:04:37,18325.15
2022-11-17 09:04:38,18323.5
2022-11-17 09:04:39,18324.5
2022-11-17 09:04:40,18324.35
2022-11-17 09:04:41,18325.15
2022-11-17 09:04:42,18325.45
2022-11-17 09:04:43,18327.1
2022-11-17 09:04:44,18326.4
2022-11-17 09:04:45,18326.55
2022-11-17 09:04:46,18326
2022-11-17 09:04:47,18326.3
2022-11-17 09:04:48,18327.2
2022-11-17 09:04:49,18327.2
2022-11-17 09:04:50,18327.2
2022-11-17 09:04:51,18327.25
2022-11-17 09:04:52,18327.4
2022-11-17 09:04:53,18328.8
2022-11-17 09:04:54,18328.5
2022-11-17 09:04:55,18327.7
2022-11-17 09:04:56,18328.3
2022-11-17 09:04:57,18324.15
2022-11-17 09:04:58,18325.7
2022-11-17 09:04:59,18324.7
2022-11-17 09:05:00,18324.7
2022-11-17 09:05:01,18324.9
2022-11-17 09:05:02,18325.15
2022-11-17 09:05:03,18325.1
2022-11-17 09:05:04,18324.5
2022-11-17 09:05:05,18324.2
2022-11-17 09:05:06,18323.7
2022-11-17 09:05:07,18324.5
2022-11-17 09:05:08,18324.8
2022-11-17 09:05:09,18323.1
2022-11-17 09:05:10,18323.6
2022-11-17 09:05:11,18324.15
2022-11-17 09:05:12,18325.65
2022-11-17 09:05:13,18325.65
2022-11-17 09:05:14,18333.15
2022-11-17 09:05:15,18331.3
2022-11-17 09:05:16,18330.65
2022-11-17 09:05:17,18330.2
2022-11-17 09:05:18,18333.25
2022-11-17 09:05:19,18334
2022-11-17 09:05:20,18334
2022-11-17 09:05:21,18333
2022-11-17 09:05:22,18333
2022-11-17 09:05:23,18333.45
2022-11-17 09:05:24,18333.3
2022-11-17 09:05:25,18333.55
2022-11-17 09:05:26,18333.65
2022-11-17 09:05:27,18334.3
2022-11-17 09:05:28,18334.3
2022-11-17 09:05:29,18333.25
2022-11-17 09:05:30,18333.6
2022-11-17 09:05:31,18334.35
2022-11-17 09:05:32,18334.75
2022-11-17 09:05:33,18335.1
2022-11-17 09:05:34,18334.75
2022-11-17 09:05:35,18334.75
2022-11-17 09:05:36,18334.75
2022-11-17 09:05:37,18335
2022-11-17 09:05:38,18335.85
2022-11-17 09:05:39,18335.05
2022-11-17 09:05:40,18335.05
2022-11-17 09:05:41,18334.95
2022-11-17 09:05:42,18333.95
2022-11-17 09:05:43,18333.05
2022-11-17 09:05:44,18333.1
2022-11-17 09:05:45,18332.9
2022-11-17 09:05:46,18333
2022-11-17 09:05:47,18334.05
2022-11-17 09:05:48,18335
2022-11-17 09:05:49,18331.5
2022-11-17 09:05:50,18331.6
2022-11-17 09:05:51,18331.25
2022-11-17 09:05:52,18331.25
2022-11-17 09:05:53,18331.45
2022-11-17 09:05:54,18331.95
2022-11-17 09:05:55,18332.05
2022-11-17 09:05:56,18332.7
2022-11-17 09:05:57,18332.85
2022-11-17 09:05:58,18332.85
2022-11-17 09:05:59,18332.2
2022-11-17 09:06:00,18331.35
2022-11-17 09:06:01,18330
2022-11-17 09:06:02,18329.5
2022-11-17 09:06:03,18330.4
2022-11-17 09:06:04,18331.2
2022-11-17 09:06:05,18331.5
2022-11-17 09:06:06,18331.5
2022-11-17 09:06:07,18331.5
2022-11-17 09:06:08,18331.55
2022-11-17 09:06:09,18331.9
2022-11-17 09:06:10,18332.8
2022-11-17 09:06:11,18332.55
2022-11-17 09:06:12,18330.2
2022-11-17 09:06:13,18329.15
2022-11-17 09:06:14,18329.1
2022-11-17 09:06:15,18329.15
2022-11-17 09:06:16,18330.05
2022-11-17 09:06:17,18335.75
2022-11-17 09:06:18,18336.45
2022-11-17 09:06:19,18336.9
2022-11-17 09:06:20,18336.8
2022-11-17 09:06:21,18333.55
2022-11-17 09:06:22,18337.35
2022-11-17 09:06:23,18337.6
2022-11-17 09:06:24,18337.35
2022-11-17 09:06:25,18337.5
2022-11-17 09:06:26,18336.75
2022-11-17 09:06:27,18336.6
2022-11-17 09:06:28,18336.4
2022-11-17 09:06:29,18336
2022-11-17 09:06:30,18341.6
2022-11-17 09:06:31,18341.2
2022-11-17 09:06:32,18340.9
2022-11-17 09:06:33,18340.2
2022-11-17 09:06:34,18340.45
2022-11-17 09:06:35,18340.3
2022-11-17 09:06:36,18341.25
2022-11-17 09:06:37,18341
2022-11-17 09:06:38,18339.9
2022-11-17 09:06:39,18339.6
2022-11-17 09:06:40,18339.7
2022-11-17 09:06:41,18340.5
2022-11-17 09:06:42,18341.45
2022-11-17 09:06:43,18342.3
2022-11-17 09:06:44,18342.4
2022-11-17 09:06:45,18342.9
2022-11-17 09:06:46,18343
2022-11-17 09:06:47,18343
2022-11-17 09:06:48,18343
2022-11-17 09:06:49,18343.2
2022-11-17 09:06:50,18343.3
2022-11-17 09:06:51,18344.1
2022-11-17 09:06:52,18344.25
2022-11-17 09:06:53,18343.45
2022-11-17 09:06:54,18343.65
2022-11-17 09:06:55,18343.6
2022-11-17 09:06:56,18345.05
2022-11-17 09:06:57,18346.6
2022-11-17 09:06:58,18346.9
2022-11-17 09:06:59,18346.7
2022-11-17 09:07:00,18353.15
2022-11-17 09:07:37,18358.7
2022-11-17 09:07:38,18358.7
2022-11-17 09:07:39,18358.7
2022-11-17 09:07:40,18358.7
2022-11-17 09:07:41,18358.7
2022-11-17 09:07:42,18358.7
2022-11-17 09:07:43,18358.7
2022-11-17 09:07:44,18358.7
2022-11-17 09:07:45,18358.7
2022-11-17 09:07:46,18358.7
2022-11-17 09:07:47,18358.7
2022-11-17 09:07:48,18358.7
2022-11-17 09:07:49,18358.7
2022-11-17 09:07:50,18358.7
2022-11-17 09:07:51,18358.7
2022-11-17 09:07:52,18358.7
2022-11-17 09:07:53,18358.7
2022-11-17 09:07:54,18358.7
2022-11-17 09:07:55,18358.7
2022-11-17 09:07:56,18358.7
2022-11-17 09:07:57,18358.7
2022-11-17 09:07:58,18358.7
2022-11-17 09:07:59,18358.7
2022-11-17 09:08:00,18358.7
2022-11-17 09:08:01,18358.7
2022-11-17 09:08:02,18358.7
2022-11-17 09:08:03,18358.7
2022-11-17 09:08:04,18358.7
2022-11-17 09:08:05,18358.7
2022-11-17 09:08:06,18358.7
2022-11-17 09:08:07,18358.7
2022-11-17 09:08:08,18358.7
2022-11-17 09:08:09,18358.7
2022-11-17 09:08:10,18358.7
2022-11-17 09:08:11,18358.7
2022-11-17 09:08:12,18358.7
2022-11-17 09:08:13,18358.7
2022-11-17 09:08:14,18358.7
2022-11-17 09:08:15,18358.7
2022-11-17 09:08:16,18358.7
2022-11-17 09:08:17,18358.7
2022-11-17 09:08:18,18358.7
2022-11-17 09:08:19,18358.7
2022-11-17 09:08:20,18358.7
2022-11-17 09:08:21,18358.7
2022-11-17 09:08:22,18358.7
2022-11-17 09:08:23,18358.7
2022-11-17 09:08:24,18358.7
2022-11-17 09:08:25,18358.7
2022-11-17 09:08:26,18358.7
2022-11-17 09:08:27,18358.7
2022-11-17 09:08:28,18358.7
2022-11-17 09:08:29,18358.7
2022-11-17 09:08:30,18358.7
2022-11-17 09:08:31,18358.7
2022-11-17 09:08:32,18358.7
2022-11-17 09:08:33,18358.7
2022-11-17 09:08:34,18358.7
2022-11-17 09:08:35,18358.7
2022-11-17 09:08:36,18358.7
2022-11-17 09:08:37,18358.7
2022-11-17 09:08:38,18358.7
2022-11-17 09:08:39,18358.7
2022-11-17 09:08:40,18358.7
2022-11-17 09:08:41,18358.7
2022-11-17 09:08:42,18358.7
2022-11-17 09:08:43,18358.7
2022-11-17 09:08:44,18358.7
2022-11-17 09:08:45,18358.7
2022-11-17 09:08:46,18358.7
2022-11-17 09:08:47,18358.7
2022-11-17 09:08:48,18358.7
2022-11-17 09:08:49,18358.7
2022-11-17 09:08:50,18358.7
2022-11-17 09:08:51,18358.7
2022-11-17 09:08:52,18358.7
2022-11-17 09:08:53,18358.7
2022-11-17 09:08:54,18358.7
2022-11-17 09:08:55,18358.7
2022-11-17 09:08:56,18358.7
2022-11-17 09:08:57,18358.7
2022-11-17 09:08:58,18358.7
2022-11-17 09:08:59,18358.7
2022-11-17 09:09:00,18358.7
2022-11-17 09:09:01,18358.7
2022-11-17 09:09:02,18358.7
2022-11-17 09:09:03,18358.7
2022-11-17 09:09:04,18358.7
2022-11-17 09:09:05,18358.7
2022-11-17 09:09:06,18358.7
2022-11-17 09:09:07,18358.7
2022-11-17 09:09:08,18358.7
2022-11-17 09:09:09,18358.7
2022-11-17 09:09:10,18358.7
2022-11-17 09:09:11,18358.7
2022-11-17 09:09:12,18358.7
2022-11-17 09:09:13,18358.7
2022-11-17 09:09:14,18358.7
2022-11-17 09:09:15,18358.7
2022-11-17 09:09:16,18358.7
2022-11-17 09:09:17,18358.7
2022-11-17 09:09:18,18358.7
2022-11-17 09:09:19,18358.7
2022-11-17 09:09:20,18358.7
2022-11-17 09:09:21,18358.7
2022-11-17 09:09:22,18358.7
2022-11-17 09:09:23,18358.7
2022-11-17 09:09:24,18358.7
2022-11-17 09:09:25,18358.7
2022-11-17 09:09:26,18358.7
2022-11-17 09:09:27,18358.7
2022-11-17 09:09:28,18358.7
2022-11-17 09:09:29,18358.7
2022-11-17 09:09:30,18358.7
2022-11-17 09:09:31,18358.7
2022-11-17 09:09:32,18358.7
2022-11-17 09:09:33,18358.7
2022-11-17 09:09:34,18358.7
2022-11-17 09:09:35,18358.7
2022-11-17 09:09:36,18358.7
2022-11-17 09:09:37,18358.7
2022-11-17 09:09:38,18358.7
2022-11-17 09:09:39,18358.7
2022-11-17 09:09:40,18358.7
2022-11-17 09:09:41,18358.7
2022-11-17 09:09:42,18358.7
2022-11-17 09:09:43,18358.7
2022-11-17 09:09:44,18358.7
2022-11-17 09:09:45,18358.7
2022-11-17 09:09:46,18358.7
2022-11-17 09:09:47,18358.7
2022-11-17 09:09:48,18358.7
2022-11-17 09:09:49,18358.7
2022-11-17 09:09:50,18358.7
2022-11-17 09:09:51,18358.7
2022-11-17 09:09:52,18358.7
2022-11-17 09:09:53,18358.7
2022-11-17 09:09:54,18358.7
2022-11-17 09:09:55,18358.7
2022-11-17 09:09:56,18358.7
2022-11-17 09:09:57,18358.7
2022-11-17 09:09:58,18358.7
2022-11-17 09:09:59,18358.7
2022-11-17 09:10:00,18358.7
2022-11-17 09:10:01,18358.7
2022-11-17 09:10:02,18358.7
2022-11-17 09:10:03,18358.7
2022-11-17 09:10:04,18358.7
2022-11-17 09:10:05,18358.7
2022-11-17 09:10:06,18358.7
2022-11-17 09:10:07,18358.7
2022-11-17 09:10:08,18358.7
2022-11-17 09:10:09,18358.7
2022-11-17 09:10:10,18358.7
2022-11-17 09:10:11,18358.7
2022-11-17 09:10:12,18358.7
2022-11-17 09:10:13,18358.7
2022-11-17 09:10:14,18358.7
2022-11-17 09:10:15,18358.7
2022-11-17 09:10:16,18358.7
2022-11-17 09:10:17,18358.7
2022-11-17 09:10:18,18358.7
2022-11-17 09:10:19,18358.7
2022-11-17 09:10:20,18358.7
2022-11-17 09:10:21,18358.7
2022-11-17 09:10:22,18358.7
2022-11-17 09:10:23,18358.7
2022-11-17 09:10:24,18358.7
2022-11-17 09:10:25,18358.7
2022-11-17 09:10:26,18358.7
2022-11-17 09:10:27,18358.7
2022-11-17 09:10:28,18358.7
2022-11-17 09:10:29,18358.7
2022-11-17 09:10:30,18358.7
2022-11-17 09:10:31,18358.7
2022-11-17 09:10:32,18358.7
2022-11-17 09:10:33,18358.7
2022-11-17 09:10:34,18358.7
2022-11-17 09:10:35,18358.7
2022-11-17 09:10:36,18358.7
2022-11-17 09:10:37,18358.7
2022-11-17 09:10:38,18358.7
2022-11-17 09:10:39,18358.7
2022-11-17 09:10:40,18358.7
2022-11-17 09:10:41,18358.7
2022-11-17 09:10:42,18358.7
2022-11-17 09:10:43,18358.7
2022-11-17 09:10:44,18358.7
2022-11-17 09:10:45,18358.7
2022-11-17 09:10:46,18358.7
2022-11-17 09:10:47,18358.7
2022-11-17 09:10:48,18358.7
2022-11-17 09:10:49,18358.7
2022-11-17 09:10:50,18358.7
2022-11-17 09:10:51,18358.7
2022-11-17 09:10:52,18358.7
2022-11-17 09:10:53,18358.7
2022-11-17 09:10:54,18358.7
2022-11-17 09:10:55,18358.7
2022-11-17 09:10:56,18358.7
2022-11-17 09:10:57,18358.7
2022-11-17 09:10:58,18358.7
2022-11-17 09:10:59,18358.7
2022-11-17 09:11:00,18358.7
2022-11-17 09:11:01,18358.7
2022-11-17 09:11:02,18358.7
2022-11-17 09:11:03,18358.7
2022-11-17 09:11:04,18358.7
2022-11-17 09:11:05,18358.7
2022-11-17 09:11:06,18358.7
2022-11-17 09:11:07,18358.7
2022-11-17 09:11:08,18358.7
2022-11-17 09:11:09,18358.7
2022-11-17 09:11:10,18358.7
2022-11-17 09:11:11,18358.7
2022-11-17 09:11:12,18358.7
2022-11-17 09:11:13,18358.7
2022-11-17 09:11:14,18358.7
2022-11-17 09:11:15,18358.7
2022-11-17 09:11:16,18358.7
2022-11-17 09:11:17,18358.7
2022-11-17 09:11:18,18358.7
2022-11-17 09:11:19,18358.7
2022-11-17 09:11:20,18358.7
2022-11-17 09:11:21,18358.7
2022-11-17 09:11:22,18358.7
2022-11-17 09:11:23,18358.7
2022-11-17 09:11:24,18358.7
2022-11-17 09:11:25,18358.7
2022-11-17 09:11:26,18358.7
2022-11-17 09:11:27,18358.7
2022-11-17 09:11:28,18358.7
2022-11-17 09:11:29,18358.7
2022-11-17 09:11:30,18358.7
2022-11-17 09:11:31,18358.7
2022-11-17 09:11:32,18358.7
2022-11-17 09:11:33,18358.7
2022-11-17 09:11:34,18358.7
2022-11-17 09:11:35,18358.7
2022-11-17 09:11:36,18358.7
2022-11-17 09:11:37,18358.7
2022-11-17 09:11:38,18358.7
2022-11-17 09:11:39,18358.7
2022-11-17 09:11:40,18358.7
2022-11-17 09:11:41,18358.7
2022-11-17 09:11:42,18358.7
2022-11-17 09:11:43,18358.7
2022-11-17 09:11:44,18358.7
2022-11-17 09:11:45,18358.7
2022-11-17 09:11:46,18358.7
2022-11-17 09:11:47,18358.7
2022-11-17 09:11:48,18358.7
2022-11-17 09:11:49,18358.7
2022-11-17 09:11:50,18358.7
2022-11-17 09:11:51,18358.7
2022-11-17 09:11:52,18358.7
2022-11-17 09:11:53,18358.7
2022-11-17 09:11:54,18358.7
2022-11-17 09:11:55,18358.7
2022-11-17 09:11:56,18358.7
2022-11-17 09:11:57,18358.7
2022-11-17 09:11:58,18358.7
2022-11-17 09:11:59,18358.7
2022-11-17 09:12:00,18358.7
2022-11-17 09:12:01,18358.7
2022-11-17 09:12:02,18358.7
2022-11-17 09:12:03,18358.7
2022-11-17 09:12:04,18358.7
2022-11-17 09:12:05,18358.7
2022-11-17 09:12:06,18358.7
2022-11-17 09:12:07,18358.7
2022-11-17 09:12:08,18358.7
2022-11-17 09:12:09,18358.7
2022-11-17 09:12:10,18358.7
2022-11-17 09:12:11,18358.7
2022-11-17 09:12:12,18358.7
2022-11-17 09:12:13,18358.7
2022-11-17 09:12:14,18358.7
2022-11-17 09:12:15,18358.7
2022-11-17 09:12:16,18358.7
2022-11-17 09:12:17,18358.7
2022-11-17 09:12:18,18358.7
2022-11-17 09:12:19,18358.7
2022-11-17 09:12:20,18358.7
2022-11-17 09:12:21,18358.7
2022-11-17 09:12:22,18358.7
2022-11-17 09:12:23,18358.7
2022-11-17 09:12:24,18358.7
2022-11-17 09:12:25,18358.7
2022-11-17 09:12:26,18358.7
2022-11-17 09:12:27,18358.7
2022-11-17 09:12:28,18358.7
2022-11-17 09:12:29,18358.7
2022-11-17 09:12:30,18358.7
2022-11-17 09:12:31,18358.7
2022-11-17 09:12:32,18358.7
2022-11-17 09:12:33,18358.7
2022-11-17 09:12:34,18358.7
2022-11-17 09:12:35,18358.7
2022-11-17 09:12:36,18358.7
2022-11-17 09:12:37,18358.7
2022-11-17 09:12:38,18358.7
2022-11-17 09:12:39,18358.7
2022-11-17 09:12:40,18358.7
2022-11-17 09:12:41,18358.7
2022-11-17 09:12:42,18358.7
2022-11-17 09:12:43,18358.7
2022-11-17 09:12:44,18358.7
2022-11-17 09:12:45,18358.7
2022-11-17 09:12:46,18358.7
2022-11-17 09:12:47,18358.7
2022-11-17 09:12:48,18358.7
2022-11-17 09:12:49,18358.7
2022-11-17 09:12:50,18358.7
2022-11-17 09:12:51,18358.7
2022-11-17 09:12:52,18358.7
2022-11-17 09:12:53,18358.7
2022-11-17 09:12:54,18358.7
2022-11-17 09:12:55,18358.7
2022-11-17 09:12:56,18358.7
2022-11-17 09:12:57,18358.7
2022-11-17 09:12:58,18358.7
2022-11-17 09:12:59,18358.7
2022-11-17 09:13:00,18358.7
2022-11-17 09:13:01,18358.7
2022-11-17 09:13:02,18358.7
2022-11-17 09:13:03,18358.7
2022-11-17 09:13:04,18358.7
2022-11-17 09:13:05,18358.7
2022-11-17 09:13:06,18358.7
2022-11-17 09:13:07,18358.7
2022-11-17 09:13:08,18358.7
2022-11-17 09:13:09,18358.7
2022-11-17 09:13:10,18358.7
2022-11-17 09:13:11,18358.7
2022-11-17 09:13:12,18358.7
2022-11-17 09:13:13,18358.7
2022-11-17 09:13:14,18358.7
2022-11-17 09:13:15,18358.7
2022-11-17 09:13:16,18358.7
2022-11-17 09:13:17,18358.7
2022-11-17 09:13:18,18358.7
2022-11-17 09:13:19,18358.7
2022-11-17 09:13:20,18358.7
2022-11-17 09:13:21,18358.7
2022-11-17 09:13:22,18358.7
2022-11-17 09:13:23,18358.7
2022-11-17 09:13:24,18358.7
2022-11-17 09:13:25,18358.7
2022-11-17 09:13:26,18358.7
2022-11-17 09:13:27,18358.7
2022-11-17 09:13:28,18358.7
2022-11-17 09:13:29,18358.7
2022-11-17 09:13:30,18358.7
2022-11-17 09:13:31,18358.7
2022-11-17 09:13:32,18358.7
2022-11-17 09:13:33,18358.7
2022-11-17 09:13:34,18358.7
2022-11-17 09:13:35,18358.7
2022-11-17 09:13:36,18358.7
2022-11-17 09:13:37,18358.7
2022-11-17 09:13:38,18358.7
2022-11-17 09:13:39,18358.7
2022-11-17 09:13:40,18358.7
2022-11-17 09:13:41,18358.7
2022-11-17 09:13:42,18358.7
2022-11-17 09:13:43,18358.7
2022-11-17 09:13:44,18358.7
2022-11-17 09:13:45,18358.7
2022-11-17 09:13:46,18358.7
2022-11-17 09:13:47,18358.7
2022-11-17 09:13:48,18358.7
2022-11-17 09:13:49,18358.7
2022-11-17 09:13:50,18358.7
2022-11-17 09:13:51,18358.7
2022-11-17 09:13:52,18358.7
2022-11-17 09:13:53,18358.7
2022-11-17 09:13:54,18358.7
2022-11-17 09:13:55,18358.7
2022-11-17 09:13:56,18358.7
2022-11-17 09:13:57,18358.7
2022-11-17 09:13:58,18358.7
2022-11-17 09:13:59,18358.7
2022-11-17 09:14:00,18358.7
2022-11-17 09:14:01,18358.7
2022-11-17 09:14:02,18358.7
2022-11-17 09:14:03,18358.7
2022-11-17 09:14:04,18358.7
2022-11-17 09:14:05,18358.7
2022-11-17 09:14:06,18358.7
2022-11-17 09:14:07,18358.7
2022-11-17 09:14:08,18358.7
2022-11-17 09:14:09,18358.7
2022-11-17 09:14:10,18358.7
2022-11-17 09:14:11,18358.7
2022-11-17 09:14:12,18358.7
2022-11-17 09:14:13,18358.7
2022-11-17 09:14:14,18358.7
2022-11-17 09:14:15,18358.7
2022-11-17 09:14:16,18358.7
2022-11-17 09:14:17,18358.7
2022-11-17 09:14:18,18358.7
2022-11-17 09:14:19,18358.7
2022-11-17 09:14:20,18358.7
2022-11-17 09:14:21,18358.7
2022-11-17 09:14:22,18358.7
2022-11-17 09:14:23,18358.7
2022-11-17 09:14:24,18358.7
2022-11-17 09:14:25,18358.7
2022-11-17 09:14:26,18358.7
2022-11-17 09:14:27,18358.7
2022-11-17 09:14:28,18358.7
2022-11-17 09:14:29,18358.7
2022-11-17 09:14:30,18358.7
2022-11-17 09:14:31,18358.7
2022-11-17 09:14:32,18358.7
2022-11-17 09:14:33,18358.7
2022-11-17 09:14:34,18358.7
2022-11-17 09:14:35,18358.7
2022-11-17 09:14:36,18358.7
2022-11-17 09:14:37,18358.7
2022-11-17 09:14:38,18358.7
2022-11-17 09:14:39,18358.7
2022-11-17 09:14:40,18358.7
2022-11-17 09:14:41,18358.7
2022-11-17 09:14:42,18358.7
2022-11-17 09:14:43,18358.7
2022-11-17 09:14:44,18358.7
2022-11-17 09:14:45,18358.7
2022-11-17 09:14:46,18358.7
2022-11-17 09:14:47,18358.7
2022-11-17 09:14:48,18358.7
2022-11-17 09:14:49,18358.7
2022-11-17 09:14:50,18358.7
2022-11-17 09:14:51,18358.7
2022-11-17 09:14:52,18358.7
2022-11-17 09:14:53,18358.7
2022-11-17 09:14:54,18358.7
2022-11-17 09:14:55,18358.7
2022-11-17 09:14:56,18358.7
2022-11-17 09:14:57,18358.7
2022-11-17 09:14:58,18358.7
2022-11-17 09:14:59,18358.7
2022-11-17 09:15:00,18358.7
2022-11-17 09:15:01,18357.55
2022-11-17 09:15:02,18359.65
2022-11-17 09:15:03,18352.5
2022-11-17 09:15:04,18355.1
2022-11-17 09:15:05,18354.65
2022-11-17 09:15:06,18357
2022-11-17 09:15:07,18354.95
2022-11-17 09:15:08,18355.2
2022-11-17 09:15:09,18356.75
2022-11-17 09:15:10,18355
2022-11-17 09:15:11,18358.7
2022-11-17 09:15:12,18356.75
2022-11-17 09:15:13,18356.15
2022-11-17 09:15:14,18355.8
2022-11-17 09:15:15,18356.25
2022-11-17 09:15:16,18358.55
2022-11-17 09:15:17,18358.55
2022-11-17 09:15:18,18360.1
2022-11-17 09:15:19,18361.15
2022-11-17 09:15:20,18364
2022-11-17 09:15:21,18365.55
2022-11-17 09:15:22,18363.25
2022-11-17 09:15:23,18367.5
2022-11-17 09:15:24,18366.1
2022-11-17 09:15:25,18368.05
2022-11-17 09:15:26,18368.75
2022-11-17 09:15:27,18365.5
2022-11-17 09:15:28,18367.9
2022-11-17 09:15:29,18370.85
2022-11-17 09:15:30,18372.1
2022-11-17 09:15:31,18372.9
2022-11-17 09:15:32,18370
2022-11-17 09:15:33,18370.3
2022-11-17 09:15:34,18370.65
2022-11-17 09:15:35,18366.9
2022-11-17 09:15:36,18372.8
2022-11-17 09:15:37,18369.7
2022-11-17 09:15:38,18367.65
2022-11-17 09:15:39,18367.3
2022-11-17 09:15:40,18367.35
2022-11-17 09:15:41,18367.8
2022-11-17 09:15:42,18366.3
2022-11-17 09:15:43,18365.65
2022-11-17 09:15:44,18365.4
2022-11-17 09:15:45,18366.85
2022-11-17 09:15:46,18364.9
2022-11-17 09:15:47,18365.55
2022-11-17 09:15:48,18363.5
2022-11-17 09:15:49,18364.9
2022-11-17 09:15:50,18366.6
2022-11-17 09:15:51,18368.1
2022-11-17 09:15:52,18369.1
2022-11-17 09:15:53,18371.85
2022-11-17 09:15:54,18370.95
2022-11-17 09:15:55,18370.85
2022-11-17 09:15:56,18368.7
2022-11-17 09:15:57,18371.55
2022-11-17 09:15:58,18373.25
2022-11-17 09:15:59,18373.6
2022-11-17 09:16:00,18372.1
2022-11-17 09:16:01,18371.2
2022-11-17 09:16:02,18370.1
2022-11-17 09:16:03,18366.9
2022-11-17 09:16:04,18369.2
2022-11-17 09:16:05,18367.5
2022-11-17 09:16:06,18366.6
2022-11-17 09:16:07,18368
2022-11-17 09:16:08,18367.05
2022-11-17 09:16:09,18367.1
2022-11-17 09:16:10,18365.85
2022-11-17 09:16:11,18363.05
2022-11-17 09:16:12,18363.9
2022-11-17 09:16:13,18365.1
2022-11-17 09:16:14,18363.2
2022-11-17 09:16:15,18363
2022-11-17 09:16:16,18364.15
2022-11-17 09:16:17,18363.85
2022-11-17 09:16:18,18364.55
2022-11-17 09:16:19,18364.4
2022-11-17 09:16:20,18366.5
2022-11-17 09:16:21,18366.05
2022-11-17 09:16:22,18364.85
2022-11-17 09:16:23,18366.25
2022-11-17 09:16:24,18365.5
2022-11-17 09:16:25,18366.45
2022-11-17 09:16:26,18366.8
2022-11-17 09:16:27,18365.95
2022-11-17 09:16:28,18368.05
2022-11-17 09:16:29,18367.85
2022-11-17 09:16:30,18368.15
2022-11-17 09:16:31,18368.05
2022-11-17 09:16:32,18368
2022-11-17 09:16:33,18368.35
2022-11-17 09:16:34,18367.55
2022-11-17 09:16:35,18368.85
2022-11-17 09:16:36,18368.15
2022-11-17 09:16:37,18367.5
2022-11-17 09:16:38,18367.95
2022-11-17 09:16:39,18367.5
2022-11-17 09:16:40,18368.3
2022-11-17 09:16:41,18366
2022-11-17 09:16:42,18365.8
2022-11-17 09:16:43,18364.35
2022-11-17 09:16:44,18364.3
2022-11-17 09:16:45,18363.65
2022-11-17 09:16:46,18363.6
2022-11-17 09:16:47,18364.15
2022-11-17 09:16:48,18364.55
2022-11-17 09:16:49,18363.8
2022-11-17 09:16:50,18365.05
2022-11-17 09:16:51,18365.25
2022-11-17 09:16:52,18365.4
2022-11-17 09:16:53,18366.9
2022-11-17 09:16:54,18367.15
2022-11-17 09:16:55,18366.9
2022-11-17 09:16:56,18368.05
2022-11-17 09:16:57,18367.35
2022-11-17 09:16:58,18368.65
2022-11-17 09:16:59,18368.3
2022-11-17 09:17:00,18367.9
2022-11-17 09:17:01,18369.15
2022-11-17 09:17:02,18370.05
2022-11-17 09:17:03,18369.6
2022-11-17 09:17:04,18370.9
2022-11-17 09:17:05,18371.85
2022-11-17 09:17:06,18371.25
2022-11-17 09:17:07,18372.35
2022-11-17 09:17:08,18372.05
2022-11-17 09:17:09,18370.9
2022-11-17 09:17:10,18371.6
2022-11-17 09:17:11,18371.85
2022-11-17 09:17:12,18373.45
2022-11-17 09:17:13,18376.85
2022-11-17 09:17:14,18377.8
2022-11-17 09:17:15,18378.9
2022-11-17 09:17:16,18378.75
2022-11-17 09:17:17,18378.4
2022-11-17 09:17:18,18379
2022-11-17 09:17:19,18378.55
2022-11-17 09:17:20,18377.75
2022-11-17 09:17:21,18376.85
2022-11-17 09:17:22,18377.05
2022-11-17 09:17:23,18377.05
2022-11-17 09:17:24,18376.3
2022-11-17 09:17:25,18377.4
2022-11-17 09:17:26,18378.3
2022-11-17 09:17:27,18378.6
2022-11-17 09:17:28,18378.45
2022-11-17 09:17:29,18378.05
2022-11-17 09:17:30,18376.9
2022-11-17 09:17:31,18376
2022-11-17 09:17:32,18376.15
2022-11-17 09:17:33,18376.1
2022-11-17 09:17:34,18374.8
2022-11-17 09:17:35,18374.55
2022-11-17 09:17:36,18373.5
2022-11-17 09:17:37,18372
2022-11-17 09:17:38,18373
2022-11-17 09:17:39,18372.9
2022-11-17 09:17:40,18372.55
2022-11-17 09:17:41,18373.9
2022-11-17 09:17:42,18373
2022-11-17 09:17:43,18373.5
2022-11-17 09:17:44,18371.5
2022-11-17 09:17:45,18371.5
2022-11-17 09:17:46,18370.3
2022-11-17 09:17:47,18368.9
2022-11-17 09:17:48,18369.65
2022-11-17 09:17:49,18370.8
2022-11-17 09:17:50,18369.9
2022-11-17 09:17:51,18369.65
2022-11-17 09:17:52,18370.55
2022-11-17 09:17:53,18370.2
2022-11-17 09:17:54,18370
2022-11-17 09:17:55,18370.35
2022-11-17 09:17:56,18371.45
2022-11-17 09:17:57,18371.85
2022-11-17 09:17:58,18372.3
2022-11-17 09:17:59,18372.75
2022-11-17 09:18:00,18372.6
2022-11-17 09:18:01,18373.7
2022-11-17 09:18:02,18373.7
2022-11-17 09:18:03,18372.1
2022-11-17 09:18:04,18371
2022-11-17 09:18:05,18371.05
2022-11-17 09:18:06,18369.5
2022-11-17 09:18:07,18370.15
2022-11-17 09:18:08,18370.1
2022-11-17 09:18:09,18369.15
2022-11-17 09:18:10,18368.85
2022-11-17 09:18:11,18367.2
2022-11-17 09:18:12,18366.35
2022-11-17 09:18:13,18367.15
2022-11-17 09:18:14,18367.4
2022-11-17 09:18:15,18368.5
2022-11-17 09:18:16,18368.85
2022-11-17 09:18:17,18368.8
2022-11-17 09:18:18,18368.35
2022-11-17 09:18:19,18368.4
2022-11-17 09:18:20,18368.1
2022-11-17 09:18:21,18366.35
2022-11-17 09:18:22,18366.8
2022-11-17 09:18:23,18366.55
2022-11-17 09:18:24,18367
2022-11-17 09:18:25,18366.4
2022-11-17 09:18:26,18366.95
2022-11-17 09:18:27,18366.55
2022-11-17 09:18:28,18367.65
2022-11-17 09:18:29,18366.8
2022-11-17 09:18:30,18367.3
2022-11-17 09:18:31,18368.25
2022-11-17 09:18:32,18368.45
2022-11-17 09:18:33,18368
2022-11-17 09:18:34,18369.25
2022-11-17 09:18:35,18368.7
2022-11-17 09:18:36,18368.5
2022-11-17 09:18:37,18369.05
2022-11-17 09:18:38,18369.15
2022-11-17 09:18:39,18370
2022-11-17 09:18:40,18369.25
2022-11-17 09:18:41,18370.8
2022-11-17 09:18:42,18372.1
2022-11-17 09:18:43,18372.25
2022-11-17 09:18:44,18372.9
2022-11-17 09:18:45,18374.15
2022-11-17 09:18:46,18374.3
2022-11-17 09:18:47,18373.9
2022-11-17 09:18:48,18374.55
2022-11-17 09:18:49,18374.6
2022-11-17 09:18:50,18375.55
2022-11-17 09:18:51,18374.7
2022-11-17 09:18:52,18373.3
2022-11-17 09:18:53,18373.25
2022-11-17 09:18:54,18372.7
2022-11-17 09:18:55,18370.95
2022-11-17 09:18:56,18371.1
2022-11-17 09:18:57,18369.6
2022-11-17 09:18:58,18369.9
2022-11-17 09:18:59,18370.2
2022-11-17 09:19:00,18372.2
2022-11-17 09:19:01,18370.85
2022-11-17 09:19:02,18371.7
2022-11-17 09:19:03,18372.4
2022-11-17 09:19:04,18373.05
2022-11-17 09:19:05,18373.25
2022-11-17 09:19:06,18373.2
2022-11-17 09:19:07,18373.45
2022-11-17 09:19:08,18373.75
2022-11-17 09:19:09,18373.65
2022-11-17 09:19:10,18373.55
2022-11-17 09:19:11,18373.7
2022-11-17 09:19:12,18372.7
2022-11-17 09:19:13,18372.5
2022-11-17 09:19:14,18372.2
2022-11-17 09:19:15,18371.65
2022-11-17 09:19:16,18372.35
2022-11-17 09:19:17,18372.55
2022-11-17 09:19:18,18372.35
2022-11-17 09:19:19,18372.4
2022-11-17 09:19:20,18372.75
2022-11-17 09:19:21,18374.6
2022-11-17 09:19:22,18373.85
2022-11-17 09:19:23,18375.1
2022-11-17 09:19:24,18376.1
2022-11-17 09:19:25,18375.7
2022-11-17 09:19:26,18376.2
2022-11-17 09:19:27,18374.9
2022-11-17 09:19:28,18376.1
2022-11-17 09:19:29,18376.35
2022-11-17 09:19:30,18376.65
2022-11-17 09:19:31,18376.4
2022-11-17 09:19:32,18376.45
2022-11-17 09:19:33,18375.5
2022-11-17 09:19:34,18375.15
2022-11-17 09:19:35,18374.55
2022-11-17 09:19:36,18375.5
2022-11-17 09:19:37,18375.3
2022-11-17 09:19:38,18375.3
2022-11-17 09:19:39,18375.7
2022-11-17 09:19:40,18376.65
2022-11-17 09:19:41,18377.2
2022-11-17 09:19:42,18376.95
2022-11-17 09:19:43,18377.8
2022-11-17 09:19:44,18377.9
2022-11-17 09:19:45,18377.25
2022-11-17 09:19:46,18377.6
2022-11-17 09:19:47,18377.75
2022-11-17 09:19:48,18378.5
2022-11-17 09:19:49,18378.85
2022-11-17 09:19:50,18379.85
2022-11-17 09:19:51,18379.7
2022-11-17 09:19:52,18380.05
2022-11-17 09:19:53,18381.55
2022-11-17 09:19:54,18381.35
2022-11-17 09:19:55,18381.1
2022-11-17 09:19:56,18381.7
2022-11-17 09:19:57,18381.15
2022-11-17 09:19:58,18381.55
2022-11-17 09:19:59,18381.1
2022-11-17 09:20:00,18381.25
2022-11-17 09:20:01,18382.35
2022-11-17 09:20:02,18381
2022-11-17 09:20:03,18381.8
2022-11-17 09:20:04,18381.4
2022-11-17 09:20:05,18380.05
2022-11-17 09:20:06,18379.6
2022-11-17 09:20:07,18379
2022-11-17 09:20:08,18378.65
2022-11-17 09:20:09,18379.45
2022-11-17 09:20:10,18378.6
2022-11-17 09:20:11,18379.35
2022-11-17 09:20:12,18377.85
2022-11-17 09:20:13,18377.85
2022-11-17 09:20:14,18377.9
2022-11-17 09:20:15,18377.35
2022-11-17 09:20:16,18377.9
2022-11-17 09:20:17,18377.55
2022-11-17 09:20:18,18377.3
2022-11-17 09:20:19,18376.7
2022-11-17 09:20:20,18376.8
2022-11-17 09:20:21,18377.65
2022-11-17 09:20:22,18378.7
2022-11-17 09:20:23,18378.8
2022-11-17 09:20:24,18377.9
2022-11-17 09:20:25,18377
2022-11-17 09:20:26,18376.7
2022-11-17 09:20:27,18376.35
2022-11-17 09:20:28,18376.75
2022-11-17 09:20:29,18375
2022-11-17 09:20:30,18377.05
2022-11-17 09:20:31,18377.3
2022-11-17 09:20:32,18377.85
2022-11-17 09:20:33,18378.15
2022-11-17 09:20:34,18380.2
2022-11-17 09:20:35,18381.5
2022-11-17 09:20:36,18384.15
2022-11-17 09:20:37,18385.45
2022-11-17 09:20:38,18386.5
2022-11-17 09:20:39,18387.05
2022-11-17 09:20:40,18388.25
2022-11-17 09:20:41,18387.7
2022-11-17 09:20:42,18386.05
2022-11-17 09:20:43,18386.45
2022-11-17 09:20:44,18385.6
2022-11-17 09:20:45,18387.8
2022-11-17 09:20:46,18388.25
2022-11-17 09:20:47,18388.45
2022-11-17 09:20:48,18388.85
2022-11-17 09:20:49,18388.9
2022-11-17 09:20:50,18389.1
2022-11-17 09:20:51,18388.3
2022-11-17 09:20:52,18386.35
2022-11-17 09:20:53,18385.2
2022-11-17 09:20:54,18385.9
2022-11-17 09:20:55,18385.6
2022-11-17 09:20:56,18385
2022-11-17 09:20:57,18385.25
2022-11-17 09:20:58,18387.4
2022-11-17 09:20:59,18387.55
2022-11-17 09:21:00,18387.3
2022-11-17 09:21:01,18389.4
2022-11-17 09:21:02,18388.7
2022-11-17 09:21:03,18388.65
2022-11-17 09:21:04,18388.25
2022-11-17 09:21:05,18388.05
2022-11-17 09:21:06,18388.65
2022-11-17 09:21:07,18387.75
2022-11-17 09:21:08,18389.05
2022-11-17 09:21:09,18387.25
2022-11-17 09:21:10,18386.95
2022-11-17 09:21:11,18388
2022-11-17 09:21:12,18384.95
2022-11-17 09:21:13,18386.8
2022-11-17 09:21:14,18387.1
2022-11-17 09:21:15,18386
2022-11-17 09:21:16,18385.5
2022-11-17 09:21:17,18385.2
2022-11-17 09:21:18,18386.45
2022-11-17 09:21:19,18386.6
2022-11-17 09:21:20,18385.75
2022-11-17 09:21:21,18384.85
2022-11-17 09:21:22,18384.7
2022-11-17 09:21:23,18385.45
2022-11-17 09:21:24,18385.05
2022-11-17 09:21:25,18388.25
2022-11-17 09:21:26,18388.65
2022-11-17 09:21:27,18388.7
2022-11-17 09:21:28,18388.5
2022-11-17 09:21:29,18390
2022-11-17 09:21:30,18387.1
2022-11-17 09:21:31,18387.35
2022-11-17 09:21:32,18385.8
2022-11-17 09:21:33,18384.55
2022-11-17 09:21:34,18386.6
2022-11-17 09:21:35,18386
2022-11-17 09:21:36,18386.15
2022-11-17 09:21:37,18386.45
2022-11-17 09:21:38,18385.85
2022-11-17 09:21:39,18385.9
2022-11-17 09:21:40,18385.7
2022-11-17 09:21:41,18387.05
2022-11-17 09:21:42,18387.3
2022-11-17 09:21:43,18388.4
2022-11-17 09:21:44,18388.15
2022-11-17 09:21:45,18388.8
2022-11-17 09:21:46,18390
2022-11-17 09:21:47,18390.2
2022-11-17 09:21:48,18389.6
2022-11-17 09:21:49,18391.15
2022-11-17 09:21:50,18390.05
2022-11-17 09:21:51,18390.35
2022-11-17 09:21:52,18390.45
2022-11-17 09:21:53,18391.25
2022-11-17 09:21:54,18391.1
2022-11-17 09:21:55,18391.55
2022-11-17 09:21:56,18391.3
2022-11-17 09:21:57,18390.35
2022-11-17 09:21:58,18390.6
2022-11-17 09:21:59,18390.85
2022-11-17 09:22:00,18390.75
2022-11-17 09:22:01,18389.85
2022-11-17 09:22:02,18389.5
2022-11-17 09:22:03,18388.85
2022-11-17 09:22:04,18390.4
2022-11-17 09:22:05,18389.1
2022-11-17 09:22:06,18387.8
2022-11-17 09:22:07,18387.05
2022-11-17 09:22:08,18386.8
2022-11-17 09:22:09,18387.4
2022-11-17 09:22:10,18387.65
2022-11-17 09:22:11,18388.4
2022-11-17 09:22:12,18387.75
2022-11-17 09:22:13,18388.25
2022-11-17 09:22:14,18388.45
2022-11-17 09:22:15,18388.9
2022-11-17 09:22:16,18388
2022-11-17 09:22:17,18386.75
2022-11-17 09:22:18,18386.6
2022-11-17 09:22:19,18387.55
2022-11-17 09:22:20,18386.1
2022-11-17 09:22:21,18386.25
2022-11-17 09:22:22,18385.25
2022-11-17 09:22:23,18387.75
2022-11-17 09:22:24,18388.8
2022-11-17 09:22:25,18388
2022-11-17 09:22:26,18388.65
2022-11-17 09:22:27,18388.3
2022-11-17 09:22:28,18390.5
2022-11-17 09:22:29,18390.5
2022-11-17 09:22:30,18391.1
2022-11-17 09:22:31,18390.05
2022-11-17 09:22:32,18390.1
2022-11-17 09:22:33,18390.55
2022-11-17 09:22:34,18390.7
2022-11-17 09:22:35,18390.05
2022-11-17 09:22:36,18390.3
2022-11-17 09:22:37,18390.8
2022-11-17 09:22:38,18390.2
2022-11-17 09:22:39,18390.9
2022-11-17 09:22:40,18391.8
2022-11-17 09:22:41,18392.1
2022-11-17 09:22:42,18392.55
2022-11-17 09:22:43,18393.35
2022-11-17 09:22:44,18393.15
2022-11-17 09:22:45,18393.25
2022-11-17 09:22:46,18393.9
2022-11-17 09:22:47,18392.8
2022-11-17 09:22:48,18393.2
2022-11-17 09:22:49,18393.25
2022-11-17 09:22:50,18393.2
2022-11-17 09:22:51,18394.45
2022-11-17 09:22:52,18393.7
2022-11-17 09:22:53,18394.6
2022-11-17 09:22:54,18394.65
2022-11-17 09:22:55,18395.6
2022-11-17 09:22:56,18395.1
2022-11-17 09:22:57,18396
2022-11-17 09:22:58,18397.6
2022-11-17 09:22:59,18398.75
2022-11-17 09:23:00,18399.35
2022-11-17 09:23:01,18399.35
2022-11-17 09:23:02,18398.95
2022-11-17 09:23:03,18398.25
2022-11-17 09:23:04,18398.6
2022-11-17 09:23:05,18397.25
2022-11-17 09:23:06,18396.8
2022-11-17 09:23:07,18396.4
2022-11-17 09:23:08,18396.3
2022-11-17 09:23:09,18394.8
2022-11-17 09:23:10,18395.85
2022-11-17 09:23:11,18394.85
2022-11-17 09:23:12,18396.15
2022-11-17 09:23:13,18395.2
2022-11-17 09:23:14,18395.1
2022-11-17 09:23:15,18394.9
2022-11-17 09:23:16,18395.25
2022-11-17 09:23:17,18395.3
2022-11-17 09:23:18,18395.05
2022-11-17 09:23:19,18394.85
2022-11-17 09:23:20,18395.55
2022-11-17 09:23:21,18395.3
2022-11-17 09:23:22,18394.05
2022-11-17 09:23:23,18394
2022-11-17 09:23:24,18393.85
2022-11-17 09:23:25,18394.15
2022-11-17 09:23:26,18394.95
2022-11-17 09:23:27,18394.8
2022-11-17 09:23:28,18395.35
2022-11-17 09:23:29,18394.7
2022-11-17 09:23:30,18392.05
2022-11-17 09:23:31,18392.45
2022-11-17 09:23:32,18392.7
2022-11-17 09:23:33,18392.5
2022-11-17 09:23:34,18392.65
2022-11-17 09:23:35,18392.3
2022-11-17 09:23:36,18390.9
2022-11-17 09:23:37,18389.4
2022-11-17 09:23:38,18389
2022-11-17 09:23:39,18389.55
2022-11-17 09:23:40,18389.45
2022-11-17 09:23:41,18389.55
2022-11-17 09:23:42,18390.3
2022-11-17 09:23:43,18390.8
2022-11-17 09:23:44,18391.25
2022-11-17 09:23:45,18390.8
2022-11-17 09:23:46,18391.1
2022-11-17 09:23:47,18391.4
2022-11-17 09:23:48,18391.15
2022-11-17 09:23:49,18391.2
2022-11-17 09:23:50,18391.05
2022-11-17 09:23:51,18391.5
2022-11-17 09:23:52,18392.05
2022-11-17 09:23:53,18391.7
2022-11-17 09:23:54,18390.7
2022-11-17 09:23:55,18392.05
2022-11-17 09:23:56,18392.05
2022-11-17 09:23:57,18392
2022-11-17 09:23:58,18392.05
2022-11-17 09:23:59,18391.9
2022-11-17 09:24:00,18390.85
2022-11-17 09:24:01,18390.7
2022-11-17 09:24:02,18390
2022-11-17 09:24:03,18390.2
2022-11-17 09:24:04,18390.05
2022-11-17 09:24:05,18390.15
2022-11-17 09:24:06,18389.15
2022-11-17 09:24:07,18388.6
2022-11-17 09:24:08,18388.7
2022-11-17 09:24:09,18387.95
2022-11-17 09:24:10,18387.1
2022-11-17 09:24:11,18387.6
2022-11-17 09:24:12,18386.8
2022-11-17 09:24:13,18386.85
2022-11-17 09:24:14,18387.2
2022-11-17 09:24:15,18386.6
2022-11-17 09:24:16,18387.75
2022-11-17 09:24:17,18386.35
2022-11-17 09:24:18,18386.75
2022-11-17 09:24:19,18388
2022-11-17 09:24:20,18387.75
2022-11-17 09:24:21,18388.15
2022-11-17 09:24:22,18388.15
2022-11-17 09:24:23,18388.65
2022-11-17 09:24:24,18389.65
2022-11-17 09:24:25,18388.6
2022-11-17 09:24:26,18389.05
2022-11-17 09:24:27,18389.2
2022-11-17 09:24:28,18389.3
2022-11-17 09:24:29,18389.05
2022-11-17 09:24:30,18389.1
2022-11-17 09:24:31,18388.8
2022-11-17 09:24:32,18387.7
2022-11-17 09:24:33,18387.45
2022-11-17 09:24:34,18385.95
2022-11-17 09:24:35,18385.85
2022-11-17 09:24:36,18385.9
2022-11-17 09:24:37,18385.55
2022-11-17 09:24:38,18386.85
2022-11-17 09:24:39,18387.65
2022-11-17 09:24:40,18388.25
2022-11-17 09:24:41,18387.25
2022-11-17 09:24:42,18387.3
2022-11-17 09:24:43,18388
2022-11-17 09:24:44,18388.85
2022-11-17 09:24:45,18388
2022-11-17 09:24:46,18389.05
2022-11-17 09:24:47,18388
2022-11-17 09:24:48,18388.5
2022-11-17 09:24:49,18388.6
2022-11-17 09:24:50,18387.6
2022-11-17 09:24:51,18387.45
2022-11-17 09:24:52,18386.85
2022-11-17 09:24:53,18386.35
2022-11-17 09:24:54,18385.45
2022-11-17 09:24:55,18385.5
2022-11-17 09:24:56,18385.1
2022-11-17 09:24:57,18384.8
2022-11-17 09:24:58,18384.45
2022-11-17 09:24:59,18385.55
2022-11-17 09:25:00,18385.1
2022-11-17 09:25:01,18385.65
2022-11-17 09:25:02,18385.6
2022-11-17 09:25:03,18386.55
2022-11-17 09:25:04,18386.9
2022-11-17 09:25:05,18386.2
2022-11-17 09:25:06,18385.15
2022-11-17 09:25:07,18385
2022-11-17 09:25:08,18385.5
2022-11-17 09:25:09,18385.5
2022-11-17 09:25:10,18385
2022-11-17 09:25:11,18384.8
2022-11-17 09:25:12,18384.4
2022-11-17 09:25:13,18384
2022-11-17 09:25:14,18383.7
2022-11-17 09:25:15,18383.75
2022-11-17 09:25:16,18384.2
2022-11-17 09:25:17,18383.65
2022-11-17 09:25:18,18382.7
2022-11-17 09:25:19,18383.6
2022-11-17 09:25:20,18382.65
2022-11-17 09:25:21,18384.2
2022-11-17 09:25:22,18383.65
2022-11-17 09:25:23,18383.2
2022-11-17 09:25:24,18384.95
2022-11-17 09:25:25,18383.55
2022-11-17 09:25:26,18383.8
2022-11-17 09:25:27,18383.5
2022-11-17 09:25:28,18384.1
2022-11-17 09:25:29,18384
2022-11-17 09:25:30,18384.55
2022-11-17 09:25:31,18384.2
2022-11-17 09:25:32,18383.1
2022-11-17 09:25:33,18382.2
2022-11-17 09:25:34,18383.8
2022-11-17 09:25:35,18382.45
2022-11-17 09:25:36,18381.9
2022-11-17 09:25:37,18382.35
2022-11-17 09:25:38,18382.15
2022-11-17 09:25:39,18382.7
2022-11-17 09:25:40,18381.95
2022-11-17 09:25:41,18381.6
2022-11-17 09:25:42,18380.35
2022-11-17 09:25:43,18380.4
2022-11-17 09:25:44,18381.65
2022-11-17 09:25:45,18382.2
2022-11-17 09:25:46,18382
2022-11-17 09:25:47,18380.9
2022-11-17 09:25:48,18381.1
2022-11-17 09:25:49,18381.5
2022-11-17 09:25:50,18382
2022-11-17 09:25:51,18381.65
2022-11-17 09:25:52,18382.15
2022-11-17 09:25:53,18381.05
2022-11-17 09:25:54,18381.1
2022-11-17 09:25:55,18381.75
2022-11-17 09:25:56,18382.05
2022-11-17 09:25:57,18382.1
2022-11-17 09:25:58,18382.4
2022-11-17 09:25:59,18382.8
2022-11-17 09:26:00,18382.55
2022-11-17 09:26:01,18383.2
2022-11-17 09:26:02,18383.65
2022-11-17 09:26:03,18383.2
2022-11-17 09:26:04,18382.4
2022-11-17 09:26:05,18381.55
2022-11-17 09:26:06,18381.35
2022-11-17 09:26:07,18381.4
2022-11-17 09:26:08,18380.45
2022-11-17 09:26:09,18381.05
2022-11-17 09:26:10,18381.8
2022-11-17 09:26:11,18380.8
2022-11-17 09:26:12,18381.4
2022-11-17 09:26:13,18381.75
2022-11-17 09:26:14,18382.95
2022-11-17 09:26:15,18384.1
2022-11-17 09:26:16,18384.15
2022-11-17 09:26:17,18383.85
2022-11-17 09:26:18,18381.8
2022-11-17 09:26:19,18381.3
2022-11-17 09:26:20,18382.05
2022-11-17 09:26:21,18383.15
2022-11-17 09:26:22,18380.9
2022-11-17 09:26:23,18380.4
2022-11-17 09:26:24,18380.05
2022-11-17 09:26:25,18380.95
2022-11-17 09:26:26,18381.95
2022-11-17 09:26:27,18380.25
2022-11-17 09:26:28,18380.95
2022-11-17 09:26:29,18380.6
2022-11-17 09:26:30,18380.9
2022-11-17 09:26:31,18380.85
2022-11-17 09:26:32,18380.05
2022-11-17 09:26:33,18380.85
2022-11-17 09:26:34,18380.95
2022-11-17 09:26:35,18381
2022-11-17 09:26:36,18380.75
2022-11-17 09:26:37,18380.1
2022-11-17 09:26:38,18380.25
2022-11-17 09:26:39,18380.9
2022-11-17 09:26:40,18381.3
2022-11-17 09:26:41,18382.65
2022-11-17 09:26:42,18382.45
2022-11-17 09:26:43,18382.55
2022-11-17 09:26:44,18383.45
2022-11-17 09:26:45,18383.1
2022-11-17 09:26:46,18383.75
2022-11-17 09:26:47,18383.8
2022-11-17 09:26:48,18383.5
2022-11-17 09:26:49,18383.7
2022-11-17 09:26:50,18382.85
2022-11-17 09:26:51,18382.55
2022-11-17 09:26:52,18382
2022-11-17 09:26:53,18382.8
2022-11-17 09:26:54,18382.25
2022-11-17 09:26:55,18382.1
2022-11-17 09:26:56,18382.6
2022-11-17 09:26:57,18381.8
2022-11-17 09:26:58,18382.65
2022-11-17 09:26:59,18382.45
2022-11-17 09:27:00,18383
2022-11-17 09:27:01,18383.5
2022-11-17 09:27:02,18384.25
2022-11-17 09:27:03,18383.7
2022-11-17 09:27:04,18383.25
2022-11-17 09:27:05,18382.45
2022-11-17 09:27:06,18381
2022-11-17 09:27:07,18381.7
2022-11-17 09:27:08,18381.65
2022-11-17 09:27:09,18382.55
2022-11-17 09:27:10,18382.25
2022-11-17 09:27:11,18382.95
2022-11-17 09:27:12,18382.25
2022-11-17 09:27:13,18380.3
2022-11-17 09:27:14,18379.6
2022-11-17 09:27:15,18380.95
2022-11-17 09:27:16,18380.2
2022-11-17 09:27:17,18379.95
2022-11-17 09:27:18,18380.2
2022-11-17 09:27:19,18380.95
2022-11-17 09:27:20,18379.15
2022-11-17 09:27:21,18379.15
2022-11-17 09:27:22,18379.2
2022-11-17 09:27:23,18378.8
2022-11-17 09:27:24,18379.1
2022-11-17 09:27:25,18380.8
2022-11-17 09:27:26,18380.6
2022-11-17 09:27:27,18380.95
2022-11-17 09:27:28,18381.65
2022-11-17 09:27:29,18382.15
2022-11-17 09:27:30,18381.1
2022-11-17 09:27:31,18381.05
2022-11-17 09:27:32,18381.9
2022-11-17 09:27:33,18381.3
2022-11-17 09:27:34,18382.15
2022-11-17 09:27:35,18381.9
2022-11-17 09:27:36,18382.1
2022-11-17 09:27:37,18381.25
2022-11-17 09:27:38,18381.6
2022-11-17 09:27:39,18381.35
2022-11-17 09:27:40,18381.2
2022-11-17 09:27:41,18381.7
2022-11-17 09:27:42,18381.25
2022-11-17 09:27:43,18381.25
2022-11-17 09:27:44,18381.4
2022-11-17 09:27:45,18381.25
2022-11-17 09:27:46,18381.3
2022-11-17 09:27:47,18379.85
2022-11-17 09:27:48,18379.35
2022-11-17 09:27:49,18379.6
2022-11-17 09:27:50,18379.35
2022-11-17 09:27:51,18378.75
2022-11-17 09:27:52,18378.75
2022-11-17 09:27:53,18378.55
2022-11-17 09:27:54,18378.7
2022-11-17 09:27:55,18379.35
2022-11-17 09:27:56,18379.1
2022-11-17 09:27:57,18379.85
2022-11-17 09:27:58,18380.25
2022-11-17 09:27:59,18380.55
2022-11-17 09:28:00,18381.25
2022-11-17 09:28:01,18380.55
2022-11-17 09:28:02,18381.35
2022-11-17 09:28:03,18382.2
2022-11-17 09:28:04,18381.6
2022-11-17 09:28:05,18382.2
2022-11-17 09:28:06,18381.5
2022-11-17 09:28:07,18381.55
2022-11-17 09:28:08,18382.4
2022-11-17 09:28:09,18383.45
2022-11-17 09:28:10,18384
2022-11-17 09:28:11,18383.4
2022-11-17 09:28:12,18383.65
2022-11-17 09:28:13,18383.75
2022-11-17 09:28:14,18384.15
2022-11-17 09:28:15,18384.95
2022-11-17 09:28:16,18384.45
2022-11-17 09:28:17,18384.25
2022-11-17 09:28:18,18383.7
2022-11-17 09:28:19,18383.8
2022-11-17 09:28:20,18383.65
2022-11-17 09:28:21,18383.75
2022-11-17 09:28:22,18383.1
2022-11-17 09:28:23,18383.65
2022-11-17 09:28:24,18383.95
2022-11-17 09:28:25,18383.5
2022-11-17 09:28:26,18383.85
2022-11-17 09:28:27,18383.55
2022-11-17 09:28:28,18384.45
2022-11-17 09:28:29,18384.95
2022-11-17 09:28:30,18384.95
2022-11-17 09:28:31,18386.75
2022-11-17 09:28:32,18387.2
2022-11-17 09:28:33,18388.4
2022-11-17 09:28:34,18389.35
2022-11-17 09:28:35,18389.2
2022-11-17 09:28:36,18389.9
2022-11-17 09:28:37,18389.75
2022-11-17 09:28:38,18390.05
2022-11-17 09:28:39,18390.3
2022-11-17 09:28:40,18389.95
2022-11-17 09:28:41,18389.5
2022-11-17 09:28:42,18389.9
2022-11-17 09:28:43,18390.15
2022-11-17 09:28:44,18390.85
2022-11-17 09:28:45,18390.9
2022-11-17 09:28:46,18390.25
2022-11-17 09:28:47,18390.1
2022-11-17 09:28:48,18390.75
2022-11-17 09:28:49,18391.75
2022-11-17 09:28:50,18391.3
2022-11-17 09:28:51,18391.4
2022-11-17 09:28:52,18390.9
2022-11-17 09:28:53,18391
2022-11-17 09:28:54,18392
2022-11-17 09:28:55,18391.85
2022-11-17 09:28:56,18390.95
2022-11-17 09:28:57,18391.2
2022-11-17 09:28:58,18391.85
2022-11-17 09:28:59,18391.85
2022-11-17 09:29:00,18392.1
2022-11-17 09:29:01,18392.1
2022-11-17 09:29:02,18392.3
2022-11-17 09:29:03,18392.9
2022-11-17 09:29:04,18392.9
2022-11-17 09:29:05,18393.65
2022-11-17 09:29:06,18392.35
2022-11-17 09:29:07,18392.55
2022-11-17 09:29:08,18392.65
2022-11-17 09:29:09,18391.9
2022-11-17 09:29:10,18391.85
2022-11-17 09:29:11,18391.6
2022-11-17 09:29:12,18391.55
2022-11-17 09:29:13,18391.4
2022-11-17 09:29:14,18391.2
2022-11-17 09:29:15,18391.75
2022-11-17 09:29:16,18391
2022-11-17 09:29:17,18390.4
2022-11-17 09:29:18,18391.05
2022-11-17 09:29:19,18391.35
2022-11-17 09:29:20,18390.8
2022-11-17 09:29:21,18391.05
2022-11-17 09:29:22,18390.25
2022-11-17 09:29:23,18389.5
2022-11-17 09:29:24,18389.1
2022-11-17 09:29:25,18389
2022-11-17 09:29:26,18389.2
2022-11-17 09:29:27,18389.05
2022-11-17 09:29:28,18388.5
2022-11-17 09:29:29,18388.8
2022-11-17 09:29:30,18389.45
2022-11-17 09:29:31,18390.8
2022-11-17 09:29:32,18391.75
2022-11-17 09:29:33,18391.65
2022-11-17 09:29:34,18391
2022-11-17 09:29:35,18390.1
2022-11-17 09:29:36,18390.25
2022-11-17 09:29:37,18390.45
2022-11-17 09:29:38,18389.7
2022-11-17 09:29:39,18389.55
2022-11-17 09:29:40,18389.15
2022-11-17 09:29:41,18389.5
2022-11-17 09:29:42,18389.6
2022-11-17 09:29:43,18389.35
2022-11-17 09:29:44,18389.25
2022-11-17 09:29:45,18389.75
2022-11-17 09:29:46,18389.6
2022-11-17 09:29:47,18388.75
2022-11-17 09:29:48,18388.8
2022-11-17 09:29:49,18388.75
2022-11-17 09:29:50,18389.1
2022-11-17 09:29:51,18388.75
2022-11-17 09:29:52,18387
2022-11-17 09:29:53,18387.55
2022-11-17 09:29:54,18386.6
2022-11-17 09:29:55,18386.85
2022-11-17 09:29:56,18386.7
2022-11-17 09:29:57,18386.3
2022-11-17 09:29:58,18386
2022-11-17 09:29:59,18386.95
2022-11-17 09:30:00,18386.95
2022-11-17 09:30:01,18387.9
2022-11-17 09:30:02,18388.05
2022-11-17 09:30:03,18388.7
2022-11-17 09:30:04,18389.2
2022-11-17 09:30:05,18388.2
2022-11-17 09:30:06,18388.05
2022-11-17 09:30:07,18388.25
2022-11-17 09:30:08,18388.7
2022-11-17 09:30:09,18388.25
2022-11-17 09:30:10,18388.25
2022-11-17 09:30:11,18387.35
2022-11-17 09:30:12,18386.85
2022-11-17 09:30:13,18386.7
2022-11-17 09:30:14,18385.95
2022-11-17 09:30:15,18386.45
2022-11-17 09:30:16,18387
2022-11-17 09:30:17,18386.1
2022-11-17 09:30:18,18385.75
2022-11-17 09:30:19,18386.45
2022-11-17 09:30:20,18386.95
2022-11-17 09:30:21,18387.4
2022-11-17 09:30:22,18386.45
2022-11-17 09:30:23,18386.95
2022-11-17 09:30:24,18386.75
2022-11-17 09:30:25,18386.6
2022-11-17 09:30:26,18386.4
2022-11-17 09:30:27,18386.45
2022-11-17 09:30:28,18386.7
2022-11-17 09:30:29,18386.9
2022-11-17 09:30:30,18386.35
2022-11-17 09:30:31,18386.5
2022-11-17 09:30:32,18386.6
2022-11-17 09:30:33,18386.55
2022-11-17 09:30:34,18387.1
2022-11-17 09:30:35,18387.6
2022-11-17 09:30:36,18386.5
2022-11-17 09:30:37,18387.15
2022-11-17 09:30:38,18387.05
2022-11-17 09:30:39,18387.1
2022-11-17 09:30:40,18387.05
2022-11-17 09:30:41,18386.75
2022-11-17 09:30:42,18386.35
2022-11-17 09:30:43,18386.7
2022-11-17 09:30:44,18386.2
2022-11-17 09:30:45,18385.85
2022-11-17 09:30:46,18385.85
2022-11-17 09:30:47,18385.6
2022-11-17 09:30:48,18384.85
2022-11-17 09:30:49,18384.25
2022-11-17 09:30:50,18384.65
2022-11-17 09:30:51,18384.25
2022-11-17 09:30:52,18383.55
2022-11-17 09:30:53,18383.7
2022-11-17 09:30:54,18383.45
2022-11-17 09:30:55,18383.9
2022-11-17 09:30:56,18383.4
2022-11-17 09:30:57,18383.15
2022-11-17 09:30:58,18382.65
2022-11-17 09:30:59,18382.75
2022-11-17 09:31:00,18382.65
2022-11-17 09:31:01,18380.95
2022-11-17 09:31:02,18381
2022-11-17 09:31:03,18381.8
2022-11-17 09:31:04,18380.7
2022-11-17 09:31:05,18380.65
2022-11-17 09:31:06,18380.55
2022-11-17 09:31:07,18380.1
2022-11-17 09:31:08,18379.85
2022-11-17 09:31:09,18379.15
2022-11-17 09:31:10,18379.15
2022-11-17 09:31:11,18378.85
2022-11-17 09:31:12,18378.7
2022-11-17 09:31:13,18378.4
2022-11-17 09:31:14,18378.9
2022-11-17 09:31:15,18378.35
2022-11-17 09:31:16,18378.5
2022-11-17 09:31:17,18378.05
2022-11-17 09:31:18,18377.4
2022-11-17 09:31:19,18377.15
2022-11-17 09:31:20,18377.2
2022-11-17 09:31:21,18376.95
2022-11-17 09:31:22,18376.95
2022-11-17 09:31:23,18377.45
2022-11-17 09:31:24,18376.55
2022-11-17 09:31:25,18376.3
2022-11-17 09:31:26,18376.4
2022-11-17 09:31:27,18375.55
2022-11-17 09:31:28,18375.4
2022-11-17 09:31:29,18374.5
2022-11-17 09:31:30,18375.05
2022-11-17 09:31:31,18375.25
2022-11-17 09:31:32,18375.15
2022-11-17 09:31:33,18374.4
2022-11-17 09:31:34,18374.75
2022-11-17 09:31:35,18374.85
2022-11-17 09:31:36,18376.8
2022-11-17 09:31:37,18376.2
2022-11-17 09:31:38,18376.1
2022-11-17 09:31:39,18375.35
2022-11-17 09:31:40,18375.8
2022-11-17 09:31:41,18375
2022-11-17 09:31:42,18374.15
2022-11-17 09:31:43,18373.95
2022-11-17 09:31:44,18374.2
2022-11-17 09:31:45,18373.75
2022-11-17 09:31:46,18373.85
2022-11-17 09:31:47,18373.85
2022-11-17 09:31:48,18373.2
2022-11-17 09:31:49,18373.5
2022-11-17 09:31:50,18373.8
2022-11-17 09:31:51,18372.5
2022-11-17 09:31:52,18373.25
2022-11-17 09:31:53,18372.25
2022-11-17 09:31:54,18372.65
2022-11-17 09:31:55,18372.05
2022-11-17 09:31:56,18372.1
2022-11-17 09:31:57,18372.85
2022-11-17 09:31:58,18372.75
2022-11-17 09:31:59,18372.95
2022-11-17 09:32:00,18372.65
2022-11-17 09:32:01,18373.3
2022-11-17 09:32:02,18372.95
2022-11-17 09:32:03,18372.75
2022-11-17 09:32:04,18373.5
2022-11-17 09:32:05,18373.75
2022-11-17 09:32:06,18373
2022-11-17 09:32:07,18372.85
2022-11-17 09:32:08,18372.8
2022-11-17 09:32:09,18372.7
2022-11-17 09:32:10,18373.55
2022-11-17 09:32:11,18373.7
2022-11-17 09:32:12,18374.45
2022-11-17 09:32:13,18374.45
2022-11-17 09:32:14,18374.6
2022-11-17 09:32:15,18375.35
2022-11-17 09:32:16,18375
2022-11-17 09:32:17,18376
2022-11-17 09:32:18,18376.65
2022-11-17 09:32:19,18377.15
2022-11-17 09:32:20,18377.45
2022-11-17 09:32:21,18377.4
2022-11-17 09:32:22,18377.4
2022-11-17 09:32:23,18378
2022-11-17 09:32:24,18377.45
2022-11-17 09:32:25,18377.4
2022-11-17 09:32:26,18377.75
2022-11-17 09:32:27,18377.3
2022-11-17 09:32:28,18376
2022-11-17 09:32:29,18373.85
2022-11-17 09:32:30,18374.4
2022-11-17 09:32:31,18374.7
2022-11-17 09:32:32,18373.9
2022-11-17 09:32:33,18373.75
2022-11-17 09:32:34,18373.65
2022-11-17 09:32:35,18373.9
2022-11-17 09:32:36,18373.5
2022-11-17 09:32:37,18372.8
2022-11-17 09:32:38,18373.45
2022-11-17 09:32:39,18374
2022-11-17 09:32:40,18374.05
2022-11-17 09:32:41,18375.4
2022-11-17 09:32:42,18375
2022-11-17 09:32:43,18374.85
2022-11-17 09:32:44,18374.15
2022-11-17 09:32:45,18373.65
2022-11-17 09:32:46,18374.3
2022-11-17 09:32:47,18373.65
2022-11-17 09:32:48,18374
2022-11-17 09:32:49,18373.3
2022-11-17 09:32:50,18373.75
2022-11-17 09:32:51,18373.35
2022-11-17 09:32:52,18374.35
2022-11-17 09:32:53,18373.5
2022-11-17 09:32:54,18374.1
2022-11-17 09:32:55,18373.75
2022-11-17 09:32:56,18373.55
2022-11-17 09:32:57,18373.65
2022-11-17 09:32:58,18372.95
2022-11-17 09:32:59,18373.45
2022-11-17 09:33:00,18373.9
2022-11-17 09:33:01,18373.15
2022-11-17 09:33:02,18373.25
2022-11-17 09:33:03,18373.05
2022-11-17 09:33:04,18374
2022-11-17 09:33:05,18375.3
2022-11-17 09:33:06,18374.65
2022-11-17 09:33:07,18375.75
2022-11-17 09:33:08,18376.55
2022-11-17 09:33:09,18376.2
2022-11-17 09:33:10,18376.65
2022-11-17 09:33:11,18376.15
2022-11-17 09:33:12,18374.85
2022-11-17 09:33:13,18376.1
2022-11-17 09:33:14,18376
2022-11-17 09:33:15,18375.55
2022-11-17 09:33:16,18376.65
2022-11-17 09:33:17,18376.5
2022-11-17 09:33:18,18377.45
2022-11-17 09:33:19,18376.45
2022-11-17 09:33:20,18375.85
2022-11-17 09:33:21,18376.7
2022-11-17 09:33:22,18375.55
2022-11-17 09:33:23,18375.8
2022-11-17 09:33:24,18376.25
2022-11-17 09:33:25,18375.9
2022-11-17 09:33:26,18375.65
2022-11-17 09:33:27,18375.35
2022-11-17 09:33:28,18375.5
2022-11-17 09:33:29,18376.1
2022-11-17 09:33:30,18375.6
2022-11-17 09:33:31,18376.75
2022-11-17 09:33:32,18377.9
2022-11-17 09:33:33,18379.2
2022-11-17 09:33:34,18380.45
2022-11-17 09:33:35,18380.8
2022-11-17 09:33:36,18381.7
2022-11-17 09:33:37,18381.25
2022-11-17 09:33:38,18381.75
2022-11-17 09:33:39,18382.25
2022-11-17 09:33:40,18382.55
2022-11-17 09:33:41,18383.85
2022-11-17 09:33:42,18382.95
2022-11-17 09:33:43,18384.55
2022-11-17 09:33:44,18384.1
2022-11-17 09:33:45,18385.15
2022-11-17 09:33:46,18385.2
2022-11-17 09:33:47,18384.25
2022-11-17 09:33:48,18385.05
2022-11-17 09:33:49,18384.95
2022-11-17 09:33:50,18385.05
2022-11-17 09:33:51,18385.15
2022-11-17 09:33:52,18384.95
2022-11-17 09:33:53,18385.4
2022-11-17 09:33:54,18386.05
2022-11-17 09:33:55,18385.6
2022-11-17 09:33:56,18385.55
2022-11-17 09:33:57,18385.85
2022-11-17 09:33:58,18385.55
2022-11-17 09:33:59,18385.1
2022-11-17 09:34:00,18385.1
2022-11-17 09:34:01,18385
2022-11-17 09:34:02,18384.2
2022-11-17 09:34:03,18384.55
2022-11-17 09:34:04,18384.05
2022-11-17 09:34:05,18384.1
2022-11-17 09:34:06,18381.95
2022-11-17 09:34:07,18381.75
2022-11-17 09:34:08,18381
2022-11-17 09:34:09,18380.55
2022-11-17 09:34:10,18381.65
2022-11-17 09:34:11,18381.6
2022-11-17 09:34:12,18380.55
2022-11-17 09:34:13,18379.2
2022-11-17 09:34:14,18379.65
2022-11-17 09:34:15,18378.8
2022-11-17 09:34:16,18378.3
2022-11-17 09:34:17,18377.6
2022-11-17 09:34:18,18377.35
2022-11-17 09:34:19,18377.45
2022-11-17 09:34:20,18376.65
2022-11-17 09:34:21,18376.95
2022-11-17 09:34:22,18377.45
2022-11-17 09:34:23,18378.6
2022-11-17 09:34:24,18378.95
2022-11-17 09:34:25,18379.4
2022-11-17 09:34:26,18379.55
2022-11-17 09:34:27,18380.05
2022-11-17 09:34:28,18379.4
2022-11-17 09:34:29,18380.05
2022-11-17 09:34:30,18379.5
2022-11-17 09:34:31,18377.6
2022-11-17 09:34:32,18378.9
2022-11-17 09:34:33,18379.4
2022-11-17 09:34:34,18378.35
2022-11-17 09:34:35,18378.15
2022-11-17 09:34:36,18377.05
2022-11-17 09:34:37,18379.05
2022-11-17 09:34:38,18378.45
2022-11-17 09:34:39,18378.8
2022-11-17 09:34:40,18378.7
2022-11-17 09:34:41,18378.7
2022-11-17 09:34:42,18379.55
2022-11-17 09:34:43,18379.3
2022-11-17 09:34:44,18379.05
2022-11-17 09:34:45,18379.15
2022-11-17 09:34:46,18379.95
2022-11-17 09:34:47,18379.75
2022-11-17 09:34:48,18380.1
2022-11-17 09:34:49,18380.25
2022-11-17 09:34:50,18380.3
2022-11-17 09:34:51,18380.7
2022-11-17 09:34:52,18380.15
2022-11-17 09:34:53,18380.85
2022-11-17 09:34:54,18380.7
2022-11-17 09:34:55,18380.7
2022-11-17 09:34:56,18379.9
2022-11-17 09:34:57,18379.65
2022-11-17 09:34:58,18379.8
2022-11-17 09:34:59,18380.3
2022-11-17 09:35:00,18381.1
2022-11-17 09:35:01,18380.8
2022-11-17 09:35:02,18380.25
2022-11-17 09:35:03,18381.05
2022-11-17 09:35:04,18382.05
2022-11-17 09:35:05,18382.6
2022-11-17 09:35:06,18381.8
2022-11-17 09:35:07,18381.65
2022-11-17 09:35:08,18382.55
2022-11-17 09:35:09,18382.65
2022-11-17 09:35:10,18382.45
2022-11-17 09:35:11,18382.85
2022-11-17 09:35:12,18383.35
2022-11-17 09:35:13,18384
2022-11-17 09:35:14,18384.5
2022-11-17 09:35:15,18384.5
2022-11-17 09:35:16,18384.6
2022-11-17 09:35:17,18384.4
2022-11-17 09:35:18,18384.75
2022-11-17 09:35:19,18384.8
2022-11-17 09:35:20,18385.3
2022-11-17 09:35:21,18385.05
2022-11-17 09:35:22,18385.4
2022-11-17 09:35:23,18385.65
2022-11-17 09:35:24,18385.3
2022-11-17 09:35:25,18385.65
2022-11-17 09:35:26,18385.85
2022-11-17 09:35:27,18385.8
2022-11-17 09:35:28,18383.05
2022-11-17 09:35:29,18381.85
2022-11-17 09:35:30,18382.6
2022-11-17 09:35:31,18383.25
2022-11-17 09:35:32,18381.45
2022-11-17 09:35:33,18382.5
2022-11-17 09:35:34,18381.9
2022-11-17 09:35:35,18381.25
2022-11-17 09:35:36,18380.5
2022-11-17 09:35:37,18379.85
2022-11-17 09:35:38,18381
2022-11-17 09:35:39,18380.45
2022-11-17 09:35:40,18380.65
2022-11-17 09:35:41,18380.85
2022-11-17 09:35:42,18381
2022-11-17 09:35:43,18380.4
2022-11-17 09:35:44,18381.25
2022-11-17 09:35:45,18381.9
2022-11-17 09:35:46,18381.9
2022-11-17 09:35:47,18380.75
2022-11-17 09:35:48,18381.25
2022-11-17 09:35:49,18380.7
2022-11-17 09:35:50,18381.3
2022-11-17 09:35:51,18380.85
2022-11-17 09:35:52,18381.15
2022-11-17 09:35:53,18380.8
2022-11-17 09:35:54,18380.9
2022-11-17 09:35:55,18381.15
2022-11-17 09:35:56,18381.15
2022-11-17 09:35:57,18380.65
2022-11-17 09:35:58,18380.8
2022-11-17 09:35:59,18380.5
2022-11-17 09:36:00,18380.65
2022-11-17 09:36:01,18380.25
2022-11-17 09:36:02,18380.05
2022-11-17 09:36:03,18380.55
2022-11-17 09:36:04,18380.3
2022-11-17 09:36:05,18380.65
2022-11-17 09:36:06,18380.9
2022-11-17 09:36:07,18379.95
2022-11-17 09:36:08,18380.2
2022-11-17 09:36:09,18380.1
2022-11-17 09:36:10,18379.85
2022-11-17 09:36:11,18379.3
2022-11-17 09:36:12,18379.25
2022-11-17 09:36:13,18379.65
2022-11-17 09:36:14,18379.15
2022-11-17 09:36:15,18378.8
2022-11-17 09:36:16,18377.95
2022-11-17 09:36:17,18378.25
2022-11-17 09:36:18,18377.55
2022-11-17 09:36:19,18378.4
2022-11-17 09:36:20,18377.9
2022-11-17 09:36:21,18378.2
2022-11-17 09:36:22,18377.8
2022-11-17 09:36:23,18378.45
2022-11-17 09:36:24,18378.2
2022-11-17 09:36:25,18378
2022-11-17 09:36:26,18376.85
2022-11-17 09:36:27,18375.95
2022-11-17 09:36:28,18376.65
2022-11-17 09:36:29,18376.1
2022-11-17 09:36:30,18377.4
2022-11-17 09:36:31,18377
2022-11-17 09:36:32,18377.55
2022-11-17 09:36:33,18377.1
2022-11-17 09:36:34,18377.1
2022-11-17 09:36:35,18377.45
2022-11-17 09:36:36,18377.2
2022-11-17 09:36:37,18376.8
2022-11-17 09:36:38,18378.15
2022-11-17 09:36:39,18380.5
2022-11-17 09:36:40,18380.6
2022-11-17 09:36:41,18381.5
2022-11-17 09:36:42,18382.9
2022-11-17 09:36:43,18383.55
2022-11-17 09:36:44,18383.65
2022-11-17 09:36:45,18383.3
2022-11-17 09:36:46,18383.1
2022-11-17 09:36:47,18383.35
2022-11-17 09:36:48,18383.7
2022-11-17 09:36:49,18383.55
2022-11-17 09:36:50,18383.2
2022-11-17 09:36:51,18383.8
2022-11-17 09:36:52,18383.4
2022-11-17 09:36:53,18383.7
2022-11-17 09:36:54,18383.2
2022-11-17 09:36:55,18383.2
2022-11-17 09:36:56,18384.2
2022-11-17 09:36:57,18382.75
2022-11-17 09:36:58,18381.6
2022-11-17 09:36:59,18381.65
2022-11-17 09:37:00,18382.05
2022-11-17 09:37:01,18381.45
2022-11-17 09:37:02,18382.2
2022-11-17 09:37:03,18382.3
2022-11-17 09:37:04,18381.95
2022-11-17 09:37:05,18382.05
2022-11-17 09:37:06,18381.7
2022-11-17 09:37:07,18381.2
2022-11-17 09:37:08,18381.85
2022-11-17 09:37:09,18382.5
2022-11-17 09:37:10,18382.2
2022-11-17 09:37:11,18382.2
2022-11-17 09:37:12,18382.15
2022-11-17 09:37:13,18382.6
2022-11-17 09:37:14,18382.8
2022-11-17 09:37:15,18384.05
2022-11-17 09:37:16,18383.5
2022-11-17 09:37:17,18383.05
2022-11-17 09:37:18,18382.7
2022-11-17 09:37:19,18382.65
2022-11-17 09:37:20,18381.7
2022-11-17 09:37:21,18382.65
2022-11-17 09:37:22,18382.35
2022-11-17 09:37:23,18382
2022-11-17 09:37:24,18382.2
2022-11-17 09:37:25,18382.3
2022-11-17 09:37:26,18382.75
2022-11-17 09:37:27,18382.55
2022-11-17 09:37:28,18382.8
2022-11-17 09:37:29,18382.85
2022-11-17 09:37:30,18382.8
2022-11-17 09:37:31,18382.95
2022-11-17 09:37:32,18382.6
2022-11-17 09:37:33,18383.65
2022-11-17 09:37:34,18382.85
2022-11-17 09:37:35,18383.05
2022-11-17 09:37:36,18382.75
2022-11-17 09:37:37,18380.95
2022-11-17 09:37:38,18381.9
2022-11-17 09:37:39,18381.6
2022-11-17 09:37:40,18382
2022-11-17 09:37:41,18380.9
2022-11-17 09:37:42,18381.15
2022-11-17 09:37:43,18381.8
2022-11-17 09:37:44,18381.25
2022-11-17 09:37:45,18381.3
2022-11-17 09:37:46,18381.75
2022-11-17 09:37:47,18380.85
2022-11-17 09:37:48,18381.7
2022-11-17 09:37:49,18381.25
2022-11-17 09:37:50,18381.4
2022-11-17 09:37:51,18381.5
2022-11-17 09:37:52,18382.5
2022-11-17 09:37:53,18382.75
2022-11-17 09:37:54,18382.55
2022-11-17 09:37:55,18382.5
2022-11-17 09:37:56,18382.85
2022-11-17 09:37:57,18382.8
2022-11-17 09:37:58,18383.8
2022-11-17 09:37:59,18382.4
2022-11-17 09:38:00,18383.15
2022-11-17 09:38:01,18383.45
2022-11-17 09:38:02,18383.1
2022-11-17 09:38:03,18383
2022-11-17 09:38:04,18382.6
2022-11-17 09:38:05,18383.2
2022-11-17 09:38:06,18382.4
2022-11-17 09:38:07,18382.1
2022-11-17 09:38:08,18383.2
2022-11-17 09:38:09,18383.15
2022-11-17 09:38:10,18383.2
2022-11-17 09:38:11,18383.6
2022-11-17 09:38:12,18383
2022-11-17 09:38:13,18382.45
2022-11-17 09:38:14,18383.75
2022-11-17 09:38:15,18383.7
2022-11-17 09:38:16,18383.75
2022-11-17 09:38:17,18384.3
2022-11-17 09:38:18,18385.15
2022-11-17 09:38:19,18385.5
2022-11-17 09:38:20,18385.9
2022-11-17 09:38:21,18384.6
2022-11-17 09:38:22,18384.8
2022-11-17 09:38:23,18385.05
2022-11-17 09:38:24,18385.2
2022-11-17 09:38:25,18385
2022-11-17 09:38:26,18384.8
2022-11-17 09:38:27,18384.95
2022-11-17 09:38:28,18383.6
2022-11-17 09:38:29,18383.4
2022-11-17 09:38:30,18384.55
2022-11-17 09:38:31,18384.65
2022-11-17 09:38:32,18384.35
2022-11-17 09:38:33,18384.3
2022-11-17 09:38:34,18385.2
2022-11-17 09:38:35,18385.05
2022-11-17 09:38:36,18384.7
2022-11-17 09:38:37,18384.3
2022-11-17 09:38:38,18384.6
2022-11-17 09:38:39,18384
2022-11-17 09:38:40,18384.25
2022-11-17 09:38:41,18384.55
2022-11-17 09:38:42,18384.35
2022-11-17 09:38:43,18384
2022-11-17 09:38:44,18385.05
2022-11-17 09:38:45,18384.7
2022-11-17 09:38:46,18384.15
2022-11-17 09:38:47,18384.3
2022-11-17 09:38:48,18383.95
2022-11-17 09:38:49,18384
2022-11-17 09:38:50,18384.55
2022-11-17 09:38:51,18385.05
2022-11-17 09:38:52,18384.95
2022-11-17 09:38:53,18384.95
2022-11-17 09:38:54,18384.8
2022-11-17 09:38:55,18385.2
2022-11-17 09:38:56,18384.95
2022-11-17 09:38:57,18384.3
2022-11-17 09:38:58,18384.35
2022-11-17 09:38:59,18384.35
2022-11-17 09:39:00,18384.15
2022-11-17 09:39:01,18383.45
2022-11-17 09:39:02,18382.95
2022-11-17 09:39:03,18382.5
2022-11-17 09:39:04,18381.5
2022-11-17 09:39:05,18381.75
2022-11-17 09:39:06,18381.9
2022-11-17 09:39:07,18381.65
2022-11-17 09:39:08,18382.05
2022-11-17 09:39:09,18381.95
2022-11-17 09:39:10,18382.65
2022-11-17 09:39:11,18381.75
2022-11-17 09:39:12,18381.4
2022-11-17 09:39:13,18381.8
2022-11-17 09:39:14,18382.05
2022-11-17 09:39:15,18382
2022-11-17 09:39:16,18381.7
2022-11-17 09:39:17,18381.35
2022-11-17 09:39:18,18381.75
2022-11-17 09:39:19,18382.2
2022-11-17 09:39:20,18382.65
2022-11-17 09:39:21,18384
2022-11-17 09:39:22,18382.4
2022-11-17 09:39:23,18382.95
2022-11-17 09:39:24,18382.65
2022-11-17 09:39:25,18382.75
2022-11-17 09:39:26,18383.25
2022-11-17 09:39:27,18382.35
2022-11-17 09:39:28,18384.1
2022-11-17 09:39:29,18382.3
2022-11-17 09:39:30,18382.8
2022-11-17 09:39:31,18382.7
2022-11-17 09:39:32,18381.9
2022-11-17 09:39:33,18382.15
2022-11-17 09:39:34,18382.05
2022-11-17 09:39:35,18382.05
2022-11-17 09:39:36,18382
2022-11-17 09:39:37,18381.85
2022-11-17 09:39:38,18382.4
2022-11-17 09:39:39,18382.1
2022-11-17 09:39:40,18382.3
2022-11-17 09:39:41,18382.4
2022-11-17 09:39:42,18381.65
2022-11-17 09:39:43,18381.9
2022-11-17 09:39:44,18381.75
2022-11-17 09:39:45,18380.45
2022-11-17 09:39:46,18380.9
2022-11-17 09:39:47,18380.45
2022-11-17 09:39:48,18380.3
2022-11-17 09:39:49,18381.05
2022-11-17 09:39:50,18380.8
2022-11-17 09:39:51,18381.1
2022-11-17 09:39:52,18381.2
2022-11-17 09:39:53,18382.4
2022-11-17 09:39:54,18382.6
2022-11-17 09:39:55,18382.4
2022-11-17 09:39:56,18382.4
2022-11-17 09:39:57,18382
2022-11-17 09:39:58,18381.6
2022-11-17 09:39:59,18381.15
2022-11-17 09:40:00,18381
2022-11-17 09:40:01,18380.5
2022-11-17 09:40:02,18380.15
2022-11-17 09:40:03,18380.4
2022-11-17 09:40:04,18379.3
2022-11-17 09:40:05,18379.55
2022-11-17 09:40:06,18380.1
2022-11-17 09:40:07,18379.2
2022-11-17 09:40:08,18379.15
2022-11-17 09:40:09,18379.25
2022-11-17 09:40:10,18378.9
2022-11-17 09:40:11,18379.15
2022-11-17 09:40:12,18379.65
2022-11-17 09:40:13,18379.65
2022-11-17 09:40:14,18379.15
2022-11-17 09:40:15,18380.45
2022-11-17 09:40:16,18379.55
2022-11-17 09:40:17,18378.45
2022-11-17 09:40:18,18379.1
2022-11-17 09:40:19,18378.55
2022-11-17 09:40:20,18379.6
2022-11-17 09:40:21,18378.8
2022-11-17 09:40:22,18379.95
2022-11-17 09:40:23,18380.55
2022-11-17 09:40:24,18380.15
2022-11-17 09:40:25,18379.6
2022-11-17 09:40:26,18379.75
2022-11-17 09:40:27,18380.65
2022-11-17 09:40:28,18379.45
2022-11-17 09:40:29,18379.6
2022-11-17 09:40:30,18379.25
2022-11-17 09:40:31,18380.7
2022-11-17 09:40:32,18379.8
2022-11-17 09:40:33,18379.8
2022-11-17 09:40:34,18379.6
2022-11-17 09:40:35,18380.15
2022-11-17 09:40:36,18380.15
2022-11-17 09:40:37,18380.2
2022-11-17 09:40:38,18380.85
2022-11-17 09:40:39,18380.5
2022-11-17 09:40:40,18379.7
2022-11-17 09:40:41,18380.3
2022-11-17 09:40:42,18379.9
2022-11-17 09:40:43,18379.55
2022-11-17 09:40:44,18380.35
2022-11-17 09:40:45,18380.35
2022-11-17 09:40:46,18380.3
2022-11-17 09:40:47,18379.6
2022-11-17 09:40:48,18380.05
2022-11-17 09:40:49,18379.95
2022-11-17 09:40:50,18380.55
2022-11-17 09:40:51,18380.6
2022-11-17 09:40:52,18380.85
2022-11-17 09:40:53,18380.8
2022-11-17 09:40:54,18381.05
2022-11-17 09:40:55,18381.6
2022-11-17 09:40:56,18381.85
2022-11-17 09:40:57,18381.8
2022-11-17 09:40:58,18382.35
2022-11-17 09:40:59,18382
2022-11-17 09:41:00,18382.35
2022-11-17 09:41:01,18381.95
2022-11-17 09:41:02,18381.9
2022-11-17 09:41:03,18381.9
2022-11-17 09:41:04,18382
2022-11-17 09:41:05,18381.6
2022-11-17 09:41:06,18381.85
2022-11-17 09:41:07,18381.75
2022-11-17 09:41:08,18380.75
2022-11-17 09:41:09,18381.5
2022-11-17 09:41:10,18381.2
2022-11-17 09:41:11,18381.2
2022-11-17 09:41:12,18381
2022-11-17 09:41:13,18380.6
2022-11-17 09:41:14,18381.15
2022-11-17 09:41:15,18380.65
2022-11-17 09:41:16,18380.85
2022-11-17 09:41:17,18380.2
2022-11-17 09:41:18,18380.25
2022-11-17 09:41:19,18380.4
2022-11-17 09:41:20,18380.1
2022-11-17 09:41:21,18380.1
2022-11-17 09:41:22,18380.5
2022-11-17 09:41:23,18380.45
2022-11-17 09:41:24,18380.05
2022-11-17 09:41:25,18380.4
2022-11-17 09:41:26,18380.6
2022-11-17 09:41:27,18379.75
2022-11-17 09:41:28,18380.55
2022-11-17 09:41:29,18379.85
2022-11-17 09:41:30,18380.15
2022-11-17 09:41:31,18380.4
2022-11-17 09:41:32,18379.75
2022-11-17 09:41:33,18379.85
2022-11-17 09:41:34,18379.35
2022-11-17 09:41:35,18379.75
2022-11-17 09:41:36,18379.9
2022-11-17 09:41:37,18378.75
2022-11-17 09:41:38,18378.7
2022-11-17 09:41:39,18378.5
2022-11-17 09:41:40,18378.5
2022-11-17 09:41:41,18378.25
2022-11-17 09:41:42,18378.25
2022-11-17 09:41:43,18377.85
2022-11-17 09:41:44,18378
2022-11-17 09:41:45,18377.1
2022-11-17 09:41:46,18376.7
2022-11-17 09:41:47,18376.45
2022-11-17 09:41:48,18376.5
2022-11-17 09:41:49,18376.2
2022-11-17 09:41:50,18376.2
2022-11-17 09:41:51,18376.4
2022-11-17 09:41:52,18376.9
2022-11-17 09:41:53,18375.9
2022-11-17 09:41:54,18375.45
2022-11-17 09:41:55,18376.3
2022-11-17 09:41:56,18375.75
2022-11-17 09:41:57,18374.5
2022-11-17 09:41:58,18374.85
2022-11-17 09:41:59,18375.9
2022-11-17 09:42:00,18375.85
2022-11-17 09:42:01,18375.3
2022-11-17 09:42:02,18376.75
2022-11-17 09:42:03,18376.15
2022-11-17 09:42:04,18375.95
2022-11-17 09:42:05,18375.9
2022-11-17 09:42:06,18376.2
2022-11-17 09:42:07,18375.65
2022-11-17 09:42:08,18376.1
2022-11-17 09:42:09,18377.1
2022-11-17 09:42:10,18376.5
2022-11-17 09:42:11,18376.05
2022-11-17 09:42:12,18376.6
2022-11-17 09:42:13,18376.7
2022-11-17 09:42:14,18377.2
2022-11-17 09:42:15,18377.15
2022-11-17 09:42:16,18377.05
2022-11-17 09:42:17,18376.8
2022-11-17 09:42:18,18377.4
2022-11-17 09:42:19,18377.3
2022-11-17 09:42:20,18376.5
2022-11-17 09:42:21,18376.35
2022-11-17 09:42:22,18376.55
2022-11-17 09:42:23,18376.55
2022-11-17 09:42:24,18375.7
2022-11-17 09:42:25,18375.9
2022-11-17 09:42:26,18374.75
2022-11-17 09:42:27,18374.3
2022-11-17 09:42:28,18374.2
2022-11-17 09:42:29,18373.8
2022-11-17 09:42:30,18374.15
2022-11-17 09:42:31,18373.05
2022-11-17 09:42:32,18373.4
2022-11-17 09:42:33,18373.9
2022-11-17 09:42:34,18373.6
2022-11-17 09:42:35,18373.25
2022-11-17 09:42:36,18375.05
2022-11-17 09:42:37,18373.65
2022-11-17 09:42:38,18373.85
2022-11-17 09:42:39,18374.1
2022-11-17 09:42:40,18374.4
2022-11-17 09:42:41,18374.45
2022-11-17 09:42:42,18373.7
2022-11-17 09:42:43,18374.85
2022-11-17 09:42:44,18375.9
2022-11-17 09:42:45,18376.1
2022-11-17 09:42:46,18374.35
2022-11-17 09:42:47,18375.25
2022-11-17 09:42:48,18375.1
2022-11-17 09:42:49,18375.25
2022-11-17 09:42:50,18375.35
2022-11-17 09:42:51,18375.25
2022-11-17 09:42:52,18376.3
2022-11-17 09:42:53,18376.5
2022-11-17 09:42:54,18376.55
2022-11-17 09:42:55,18376.65
2022-11-17 09:42:56,18376.45
2022-11-17 09:42:57,18376.2
2022-11-17 09:42:58,18375.3
2022-11-17 09:42:59,18375
2022-11-17 09:43:00,18375.5
2022-11-17 09:43:01,18373.75
2022-11-17 09:43:02,18373.65
2022-11-17 09:43:03,18373.25
2022-11-17 09:43:04,18373.5
2022-11-17 09:43:05,18373.75
2022-11-17 09:43:06,18373.4
2022-11-17 09:43:07,18373.3
2022-11-17 09:43:08,18372.7
2022-11-17 09:43:09,18372.85
2022-11-17 09:43:10,18373.3
2022-11-17 09:43:11,18373.45
2022-11-17 09:43:12,18373.25
2022-11-17 09:43:13,18372.6
2022-11-17 09:43:14,18372.1
2022-11-17 09:43:15,18373.7
2022-11-17 09:43:16,18373.1
2022-11-17 09:43:17,18373.65
2022-11-17 09:43:18,18373.85
2022-11-17 09:43:19,18374.4
2022-11-17 09:43:20,18374
2022-11-17 09:43:21,18374.55
2022-11-17 09:43:22,18373.8
2022-11-17 09:43:23,18374.25
2022-11-17 09:43:24,18373.85
2022-11-17 09:43:25,18374.7
2022-11-17 09:43:26,18374.5
2022-11-17 09:43:27,18374.4
2022-11-17 09:43:28,18374.15
2022-11-17 09:43:29,18374.2
2022-11-17 09:43:30,18374.45
2022-11-17 09:43:31,18374.35
2022-11-17 09:43:32,18374.1
2022-11-17 09:43:33,18374.2
2022-11-17 09:43:34,18373.4
2022-11-17 09:43:35,18373.95
2022-11-17 09:43:36,18373.05
2022-11-17 09:43:37,18372.7
2022-11-17 09:43:38,18372.55
2022-11-17 09:43:39,18372.4
2022-11-17 09:43:40,18372.8
2022-11-17 09:43:41,18372.3
2022-11-17 09:43:42,18371.95
2022-11-17 09:43:43,18372.3
2022-11-17 09:43:44,18372.65
2022-11-17 09:43:45,18373.85
2022-11-17 09:43:46,18373.55
2022-11-17 09:43:47,18373.8
2022-11-17 09:43:48,18375.1
2022-11-17 09:43:49,18375.15
2022-11-17 09:43:50,18373.1
2022-11-17 09:43:51,18373.75
2022-11-17 09:43:52,18373.8
2022-11-17 09:43:53,18374.4
2022-11-17 09:43:54,18373.8
2022-11-17 09:43:55,18374
2022-11-17 09:43:56,18373.95
2022-11-17 09:43:57,18373
2022-11-17 09:43:58,18372.95
2022-11-17 09:43:59,18372.55
2022-11-17 09:44:00,18372.7
2022-11-17 09:44:01,18373.25
2022-11-17 09:44:02,18372.8
2022-11-17 09:44:03,18373.1
2022-11-17 09:44:04,18373.25
2022-11-17 09:44:05,18373.65
2022-11-17 09:44:06,18373.85
2022-11-17 09:44:07,18373.2
2022-11-17 09:44:08,18373.25
2022-11-17 09:44:09,18373.6
2022-11-17 09:44:10,18373.8
2022-11-17 09:44:11,18373.3
2022-11-17 09:44:12,18373.25
2022-11-17 09:44:13,18373.75
2022-11-17 09:44:14,18375.05
2022-11-17 09:44:15,18374.95
2022-11-17 09:44:16,18375.5
2022-11-17 09:44:17,18375.4
2022-11-17 09:44:18,18375.4
2022-11-17 09:44:19,18375.05
2022-11-17 09:44:20,18374.8
2022-11-17 09:44:21,18375
2022-11-17 09:44:22,18375.3
2022-11-17 09:44:23,18375.95
2022-11-17 09:44:24,18375.95
2022-11-17 09:44:25,18376.8
2022-11-17 09:44:26,18375.8
2022-11-17 09:44:27,18376.75
2022-11-17 09:44:28,18376.35
2022-11-17 09:44:29,18377.05
2022-11-17 09:44:30,18377
2022-11-17 09:44:31,18376.8
2022-11-17 09:44:32,18377.85
2022-11-17 09:44:33,18377.35
2022-11-17 09:44:34,18377.9
2022-11-17 09:44:35,18377.15
2022-11-17 09:44:36,18377.8
2022-11-17 09:44:37,18376.9
2022-11-17 09:44:38,18376.75
2022-11-17 09:44:39,18376.65
2022-11-17 09:44:40,18377.35
2022-11-17 09:44:41,18377.55
2022-11-17 09:44:42,18376.1
2022-11-17 09:44:43,18376.55
2022-11-17 09:44:44,18376.1
2022-11-17 09:44:45,18376.1
2022-11-17 09:44:46,18375.85
2022-11-17 09:44:47,18375.5
2022-11-17 09:44:48,18376.6
2022-11-17 09:44:49,18375.35
2022-11-17 09:44:50,18375.15
2022-11-17 09:44:51,18375.3
2022-11-17 09:44:52,18375.15
2022-11-17 09:44:53,18376
2022-11-17 09:44:54,18375.65
2022-11-17 09:44:55,18375.2
2022-11-17 09:44:56,18374.35
2022-11-17 09:44:57,18374.5
2022-11-17 09:44:58,18374.6
2022-11-17 09:44:59,18374.35
2022-11-17 09:45:00,18374.8
2022-11-17 09:45:01,18374.35
2022-11-17 09:45:02,18373.9
2022-11-17 09:45:03,18373.65
2022-11-17 09:45:04,18374.05
2022-11-17 09:45:05,18374.8
2022-11-17 09:45:06,18375
2022-11-17 09:45:07,18374
2022-11-17 09:45:08,18373.95
2022-11-17 09:45:09,18374.5
2022-11-17 09:45:10,18373.75
2022-11-17 09:45:11,18374.3
2022-11-17 09:45:12,18374
2022-11-17 09:45:13,18373.95
2022-11-17 09:45:14,18373.65
2022-11-17 09:45:15,18373.65
2022-11-17 09:45:16,18374.45
2022-11-17 09:45:17,18373.8
2022-11-17 09:45:18,18373.7
2022-11-17 09:45:19,18373.1
2022-11-17 09:45:20,18373.05
2022-11-17 09:45:21,18372.9
2022-11-17 09:45:22,18372.45
2022-11-17 09:45:23,18373.05
2022-11-17 09:45:24,18373.35
2022-11-17 09:45:25,18373
2022-11-17 09:45:26,18373.15
2022-11-17 09:45:27,18372.45
2022-11-17 09:45:28,18372.5
2022-11-17 09:45:29,18372.25
2022-11-17 09:45:30,18371.65
2022-11-17 09:45:31,18371
2022-11-17 09:45:32,18370.75
2022-11-17 09:45:33,18370.55
2022-11-17 09:45:34,18370.7
2022-11-17 09:45:35,18370.45
2022-11-17 09:45:36,18369.95
2022-11-17 09:45:37,18370.3
2022-11-17 09:45:38,18369.75
2022-11-17 09:45:39,18370.4
2022-11-17 09:45:40,18370.5
2022-11-17 09:45:41,18370.8
2022-11-17 09:45:42,18369.2
2022-11-17 09:45:43,18369.55
2022-11-17 09:45:44,18368.75
2022-11-17 09:45:45,18370
2022-11-17 09:45:46,18368.7
2022-11-17 09:45:47,18368.75
2022-11-17 09:45:48,18369.6
2022-11-17 09:45:49,18368.7
2022-11-17 09:45:50,18368.4
2022-11-17 09:45:51,18369.85
2022-11-17 09:45:52,18370.8
2022-11-17 09:45:53,18370.2
2022-11-17 09:45:54,18370.55
2022-11-17 09:45:55,18370.5
2022-11-17 09:45:56,18369.45
2022-11-17 09:45:57,18369
2022-11-17 09:45:58,18370
2022-11-17 09:45:59,18369.7
2022-11-17 09:46:00,18369.25
2022-11-17 09:46:01,18368.6
2022-11-17 09:46:02,18368.1
2022-11-17 09:46:03,18368.3
2022-11-17 09:46:04,18368.5
2022-11-17 09:46:05,18367.25
2022-11-17 09:46:06,18366.35
2022-11-17 09:46:07,18366.15
2022-11-17 09:46:08,18366.6
2022-11-17 09:46:09,18366.25
2022-11-17 09:46:10,18365.85
2022-11-17 09:46:11,18365.55
2022-11-17 09:46:12,18365.05
2022-11-17 09:46:13,18365.15
2022-11-17 09:46:14,18365.15
2022-11-17 09:46:15,18364.15
2022-11-17 09:46:16,18364.45
2022-11-17 09:46:17,18364.55
2022-11-17 09:46:18,18365
2022-11-17 09:46:19,18365.25
2022-11-17 09:46:20,18364.7
2022-11-17 09:46:21,18365.25
2022-11-17 09:46:22,18364.7
2022-11-17 09:46:23,18365
2022-11-17 09:46:24,18365.5
2022-11-17 09:46:25,18365.55
2022-11-17 09:46:26,18366.1
2022-11-17 09:46:27,18364.4
2022-11-17 09:46:28,18364.95
2022-11-17 09:46:29,18366.15
2022-11-17 09:46:30,18365.4
2022-11-17 09:46:31,18363.4
2022-11-17 09:46:32,18364.6
2022-11-17 09:46:33,18364.65
2022-11-17 09:46:34,18364.7
2022-11-17 09:46:35,18364.65
2022-11-17 09:46:36,18364.65
2022-11-17 09:46:37,18365.1
2022-11-17 09:46:38,18364.8
2022-11-17 09:46:39,18364.65
2022-11-17 09:46:40,18364.55
2022-11-17 09:46:41,18364.95
2022-11-17 09:46:42,18364.55
2022-11-17 09:46:43,18364.4
2022-11-17 09:46:44,18364.6
2022-11-17 09:46:45,18365.05
2022-11-17 09:46:46,18365.6
2022-11-17 09:46:47,18365.6
2022-11-17 09:46:48,18366
2022-11-17 09:46:49,18366.85
2022-11-17 09:46:50,18366.35
2022-11-17 09:46:51,18367.25
2022-11-17 09:46:52,18367.2
2022-11-17 09:46:53,18367.7
2022-11-17 09:46:54,18368
2022-11-17 09:46:55,18367.8
2022-11-17 09:46:56,18368.2
2022-11-17 09:46:57,18370.4
2022-11-17 09:46:58,18369.75
2022-11-17 09:46:59,18370.2
2022-11-17 09:47:00,18370.1
2022-11-17 09:47:01,18370.2
2022-11-17 09:47:02,18370.45
2022-11-17 09:47:03,18370
2022-11-17 09:47:04,18369.35
2022-11-17 09:47:05,18369.1
2022-11-17 09:47:06,18368.7
2022-11-17 09:47:07,18368.15
2022-11-17 09:47:08,18368.4
2022-11-17 09:47:09,18368.85
2022-11-17 09:47:10,18368
2022-11-17 09:47:11,18368.4
2022-11-17 09:47:12,18368.45
2022-11-17 09:47:13,18368.55
2022-11-17 09:47:14,18368.85
2022-11-17 09:47:15,18369.1
2022-11-17 09:47:16,18369.8
2022-11-17 09:47:17,18370.15
2022-11-17 09:47:18,18370.2
2022-11-17 09:47:19,18371.1
2022-11-17 09:47:20,18370.75
2022-11-17 09:47:21,18371.8
2022-11-17 09:47:22,18372
2022-11-17 09:47:23,18371.3
2022-11-17 09:47:24,18370.8
2022-11-17 09:47:25,18372.4
2022-11-17 09:47:26,18372.15
2022-11-17 09:47:27,18372.05
2022-11-17 09:47:28,18371.8
2022-11-17 09:47:29,18371.9
2022-11-17 09:47:30,18371.3
2022-11-17 09:47:31,18371.05
2022-11-17 09:47:32,18370.5
2022-11-17 09:47:33,18371.55
2022-11-17 09:47:34,18371.85
2022-11-17 09:47:35,18372.05
2022-11-17 09:47:36,18371.85
2022-11-17 09:47:37,18371.6
2022-11-17 09:47:38,18371.7
2022-11-17 09:47:39,18371.9
2022-11-17 09:47:40,18371.6
2022-11-17 09:47:41,18371.2
2022-11-17 09:47:42,18370.95
2022-11-17 09:47:43,18371.75
2022-11-17 09:47:44,18371.8
2022-11-17 09:47:45,18372.1
2022-11-17 09:47:46,18371.9
2022-11-17 09:47:47,18371.1
2022-11-17 09:47:48,18370.7
2022-11-17 09:47:49,18371.7
2022-11-17 09:47:50,18371.9
2022-11-17 09:47:51,18371.15
2022-11-17 09:47:52,18371.55
2022-11-17 09:47:53,18371.05
2022-11-17 09:47:54,18370.35
2022-11-17 09:47:55,18371.05
2022-11-17 09:47:56,18370.15
2022-11-17 09:47:57,18369.5
2022-11-17 09:47:58,18370
2022-11-17 09:47:59,18369
2022-11-17 09:48:00,18369.55
2022-11-17 09:48:01,18371.05
2022-11-17 09:48:02,18369.45
2022-11-17 09:48:03,18368.75
2022-11-17 09:48:04,18369.7
2022-11-17 09:48:05,18368.7
2022-11-17 09:48:06,18367.85
2022-11-17 09:48:07,18368.05
2022-11-17 09:48:08,18367
2022-11-17 09:48:09,18368.2
2022-11-17 09:48:10,18368.85
2022-11-17 09:48:11,18368.95
2022-11-17 09:48:12,18369.1
2022-11-17 09:48:13,18369.6
2022-11-17 09:48:14,18370.3
2022-11-17 09:48:15,18370.5
2022-11-17 09:48:16,18371.35
2022-11-17 09:48:17,18370.75
2022-11-17 09:48:18,18370.7
2022-11-17 09:48:19,18370.25
2022-11-17 09:48:20,18370.2
2022-11-17 09:48:21,18370.95
2022-11-17 09:48:22,18371.7
2022-11-17 09:48:23,18371.75
2022-11-17 09:48:24,18372
2022-11-17 09:48:25,18373.15
2022-11-17 09:48:26,18373.2
2022-11-17 09:48:27,18373.95
2022-11-17 09:48:28,18374.5
2022-11-17 09:48:29,18374.75
2022-11-17 09:48:30,18374.9
2022-11-17 09:48:31,18374.5
2022-11-17 09:48:32,18373.8
2022-11-17 09:48:33,18374.35
2022-11-17 09:48:34,18374.55
2022-11-17 09:48:35,18374.6
2022-11-17 09:48:36,18374.1
2022-11-17 09:48:37,18374.6
2022-11-17 09:48:38,18373.8
2022-11-17 09:48:39,18374.2
2022-11-17 09:48:40,18374.6
2022-11-17 09:48:41,18374.9
2022-11-17 09:48:42,18374.7
2022-11-17 09:48:43,18373.9
2022-11-17 09:48:44,18374.3
2022-11-17 09:48:45,18375.15
2022-11-17 09:48:46,18374.95
2022-11-17 09:48:47,18374.8
2022-11-17 09:48:48,18374.9
2022-11-17 09:48:49,18375.45
2022-11-17 09:48:50,18375.95
2022-11-17 09:48:51,18376.15
2022-11-17 09:48:52,18376.7
2022-11-17 09:48:53,18376.3
2022-11-17 09:48:54,18376.45
2022-11-17 09:48:55,18376.4
2022-11-17 09:48:56,18375.4
2022-11-17 09:48:57,18375.85
2022-11-17 09:48:58,18375.6
2022-11-17 09:48:59,18376.85
2022-11-17 09:49:00,18377.3
2022-11-17 09:49:01,18377
2022-11-17 09:49:02,18375.95
2022-11-17 09:49:03,18376.5
2022-11-17 09:49:04,18376.6
2022-11-17 09:49:05,18376.35
2022-11-17 09:49:06,18376.9
2022-11-17 09:49:07,18376.35
2022-11-17 09:49:08,18375.2
2022-11-17 09:49:09,18375.9
2022-11-17 09:49:10,18376.05
2022-11-17 09:49:11,18375.6
2022-11-17 09:49:12,18374.85
2022-11-17 09:49:13,18375.3
2022-11-17 09:49:14,18375.55
2022-11-17 09:49:15,18375.35
2022-11-17 09:49:16,18375.6
2022-11-17 09:49:17,18375.35
2022-11-17 09:49:18,18375.1
2022-11-17 09:49:19,18374.45
2022-11-17 09:49:20,18375
2022-11-17 09:49:21,18375.4
2022-11-17 09:49:22,18374.7
2022-11-17 09:49:23,18374.4
2022-11-17 09:49:24,18374.7
2022-11-17 09:49:25,18373.9
2022-11-17 09:49:26,18372.9
2022-11-17 09:49:27,18373.7
2022-11-17 09:49:28,18372.95
2022-11-17 09:49:29,18373.3
2022-11-17 09:49:30,18372.65
2022-11-17 09:49:31,18373.25
2022-11-17 09:49:32,18372.55
2022-11-17 09:49:33,18372.4
2022-11-17 09:49:34,18372.4
2022-11-17 09:49:35,18372.7
2022-11-17 09:49:36,18372.8
2022-11-17 09:49:37,18372.15
2022-11-17 09:49:38,18372.15
2022-11-17 09:49:39,18372.65
2022-11-17 09:49:40,18373.4
2022-11-17 09:49:41,18374
2022-11-17 09:49:42,18374.2
2022-11-17 09:49:43,18374.1
2022-11-17 09:49:44,18374
2022-11-17 09:49:45,18374.4
2022-11-17 09:49:46,18374.35
2022-11-17 09:49:47,18374.05
2022-11-17 09:49:48,18374.2
2022-11-17 09:49:49,18373.6
2022-11-17 09:49:50,18373.2
2022-11-17 09:49:51,18373.15
2022-11-17 09:49:52,18373.1
2022-11-17 09:49:53,18373.55
2022-11-17 09:49:54,18373.65
2022-11-17 09:49:55,18373.5
2022-11-17 09:49:56,18373.5
2022-11-17 09:49:57,18373.85
2022-11-17 09:49:58,18373.9
2022-11-17 09:49:59,18373.65
2022-11-17 09:50:00,18374.25
2022-11-17 09:50:01,18374.05
2022-11-17 09:50:02,18374.75
2022-11-17 09:50:03,18375.05
2022-11-17 09:50:04,18375
2022-11-17 09:50:05,18375.3
2022-11-17 09:50:06,18374.8
2022-11-17 09:50:07,18374
2022-11-17 09:50:08,18374.8
2022-11-17 09:50:09,18375.65
2022-11-17 09:50:10,18375.15
2022-11-17 09:50:11,18375.6
2022-11-17 09:50:12,18375.85
2022-11-17 09:50:13,18375.75
2022-11-17 09:50:14,18375.25
2022-11-17 09:50:15,18373.65
2022-11-17 09:50:16,18374.75
2022-11-17 09:50:17,18373.5
2022-11-17 09:50:18,18373.35
2022-11-17 09:50:19,18372.95
2022-11-17 09:50:20,18373.5
2022-11-17 09:50:21,18372.95
2022-11-17 09:50:22,18372.25
2022-11-17 09:50:23,18372.6
2022-11-17 09:50:24,18372.9
2022-11-17 09:50:25,18372
2022-11-17 09:50:26,18371.95
2022-11-17 09:50:27,18371.7
2022-11-17 09:50:28,18370.9
2022-11-17 09:50:29,18371.3
2022-11-17 09:50:30,18370.5
2022-11-17 09:50:31,18371.4
2022-11-17 09:50:32,18371
2022-11-17 09:50:33,18369.7
2022-11-17 09:50:34,18369.7
2022-11-17 09:50:35,18370
2022-11-17 09:50:36,18369.4
2022-11-17 09:50:37,18367.25
2022-11-17 09:50:38,18368.45
2022-11-17 09:50:39,18367.9
2022-11-17 09:50:40,18368.9
2022-11-17 09:50:41,18367.4
2022-11-17 09:50:42,18368.15
2022-11-17 09:50:43,18368.7
2022-11-17 09:50:44,18367.5
2022-11-17 09:50:45,18367.45
2022-11-17 09:50:46,18367.65
2022-11-17 09:50:47,18367.75
2022-11-17 09:50:48,18368.2
2022-11-17 09:50:49,18367.65
2022-11-17 09:50:50,18367.1
2022-11-17 09:50:51,18367.55
2022-11-17 09:50:52,18366.7
2022-11-17 09:50:53,18367.5
2022-11-17 09:50:54,18367.6
2022-11-17 09:50:55,18369.05
2022-11-17 09:50:56,18369.5
2022-11-17 09:50:57,18368.85
2022-11-17 09:50:58,18370.05
2022-11-17 09:50:59,18370.25
2022-11-17 09:51:00,18370.45
2022-11-17 09:51:01,18371.05
2022-11-17 09:51:02,18371.5
2022-11-17 09:51:03,18372.1
2022-11-17 09:51:04,18372.9
2022-11-17 09:51:05,18373.15
2022-11-17 09:51:06,18374.8
2022-11-17 09:51:07,18375.05
2022-11-17 09:51:08,18375.3
2022-11-17 09:51:09,18375
2022-11-17 09:51:10,18374.7
2022-11-17 09:51:11,18374.75
2022-11-17 09:51:12,18374.3
2022-11-17 09:51:13,18374.5
2022-11-17 09:51:14,18373.65
2022-11-17 09:51:15,18373.7
2022-11-17 09:51:16,18374.05
2022-11-17 09:51:17,18373.95
2022-11-17 09:51:18,18374.25
2022-11-17 09:51:19,18374.4
2022-11-17 09:51:20,18374.75
2022-11-17 09:51:21,18374.7
2022-11-17 09:51:22,18374.1
2022-11-17 09:51:23,18373.9
2022-11-17 09:51:24,18373.85
2022-11-17 09:51:25,18373.6
2022-11-17 09:51:26,18372.95
2022-11-17 09:51:27,18372.75
2022-11-17 09:51:28,18373.1
2022-11-17 09:51:29,18373.3
2022-11-17 09:51:30,18373.3
2022-11-17 09:51:31,18373.15
2022-11-17 09:51:32,18373.1
2022-11-17 09:51:33,18373.8
2022-11-17 09:51:34,18374.1
2022-11-17 09:51:35,18374.2
2022-11-17 09:51:36,18374.45
2022-11-17 09:51:37,18374.65
2022-11-17 09:51:38,18375.3
2022-11-17 09:51:39,18375.35
2022-11-17 09:51:40,18375.25
2022-11-17 09:51:41,18375.8
2022-11-17 09:51:42,18375.45
2022-11-17 09:51:43,18375.6
2022-11-17 09:51:44,18376.8
2022-11-17 09:51:45,18376.25
2022-11-17 09:51:46,18376.7
2022-11-17 09:51:47,18376.95
2022-11-17 09:51:48,18377.2
2022-11-17 09:51:49,18376.75
2022-11-17 09:51:50,18376.7
2022-11-17 09:51:51,18377.3
2022-11-17 09:51:52,18376.9
2022-11-17 09:51:53,18376.75
2022-11-17 09:51:54,18377.45
2022-11-17 09:51:55,18377.8
2022-11-17 09:51:56,18377.7
2022-11-17 09:51:57,18377.8
2022-11-17 09:51:58,18378.25
2022-11-17 09:51:59,18378.1
2022-11-17 09:52:00,18377.75
2022-11-17 09:52:01,18378.25
2022-11-17 09:52:02,18378.5
2022-11-17 09:52:03,18378.15
2022-11-17 09:52:04,18379.6
2022-11-17 09:52:05,18378.85
2022-11-17 09:52:06,18379
2022-11-17 09:52:07,18379.1
2022-11-17 09:52:08,18379.35
2022-11-17 09:52:09,18380
2022-11-17 09:52:10,18380
2022-11-17 09:52:11,18380.3
2022-11-17 09:52:12,18379.8
2022-11-17 09:52:13,18380
2022-11-17 09:52:14,18380.05
2022-11-17 09:52:15,18380.95
2022-11-17 09:52:16,18380
2022-11-17 09:52:17,18379.35
2022-11-17 09:52:18,18379.45
2022-11-17 09:52:19,18380.4
2022-11-17 09:52:20,18380.95
2022-11-17 09:52:21,18380.15
2022-11-17 09:52:22,18381.15
2022-11-17 09:52:23,18380.3
2022-11-17 09:52:24,18379.75
2022-11-17 09:52:25,18380.85
2022-11-17 09:52:26,18380.5
2022-11-17 09:52:27,18381.3
2022-11-17 09:52:28,18381.8
2022-11-17 09:52:29,18381.7
2022-11-17 09:52:30,18381.85
2022-11-17 09:52:31,18382.4
2022-11-17 09:52:32,18382.65
2022-11-17 09:52:33,18382.8
2022-11-17 09:52:34,18383.15
2022-11-17 09:52:35,18383.8
2022-11-17 09:52:36,18383.65
2022-11-17 09:52:37,18384.05
2022-11-17 09:52:38,18383.7
2022-11-17 09:52:39,18384.1
2022-11-17 09:52:40,18384.05
2022-11-17 09:52:41,18384.1
2022-11-17 09:52:42,18384.1
2022-11-17 09:52:43,18384.55
2022-11-17 09:52:44,18384.85
2022-11-17 09:52:45,18385.1
2022-11-17 09:52:46,18385.45
2022-11-17 09:52:47,18384.15
2022-11-17 09:52:48,18384.8
2022-11-17 09:52:49,18384.2
2022-11-17 09:52:50,18384.55
2022-11-17 09:52:51,18383.95
2022-11-17 09:52:52,18383.7
2022-11-17 09:52:53,18384.6
2022-11-17 09:52:54,18384.3
2022-11-17 09:52:55,18384.05
2022-11-17 09:52:56,18384.4
2022-11-17 09:52:57,18383.4
2022-11-17 09:52:58,18384.1
2022-11-17 09:52:59,18383.8
2022-11-17 09:53:00,18384.3
2022-11-17 09:53:01,18383.55
2022-11-17 09:53:02,18383.5
2022-11-17 09:53:03,18383.55
2022-11-17 09:53:04,18383.5
2022-11-17 09:53:05,18383.35
2022-11-17 09:53:06,18382.2
2022-11-17 09:53:07,18381.6
2022-11-17 09:53:08,18382.2
2022-11-17 09:53:09,18381.5
2022-11-17 09:53:10,18382.45
2022-11-17 09:53:11,18382.55
2022-11-17 09:53:12,18381.3
2022-11-17 09:53:13,18382.55
2022-11-17 09:53:14,18382.85
2022-11-17 09:53:15,18383.05
2022-11-17 09:53:16,18382.4
2022-11-17 09:53:17,18382.05
2022-11-17 09:53:18,18382.65
2022-11-17 09:53:19,18382.8
2022-11-17 09:53:20,18382.45
2022-11-17 09:53:21,18382.7
2022-11-17 09:53:22,18382.5
2022-11-17 09:53:23,18383.25
2022-11-17 09:53:24,18383
2022-11-17 09:53:25,18382.9
2022-11-17 09:53:26,18383.1
2022-11-17 09:53:27,18383
2022-11-17 09:53:28,18382.85
2022-11-17 09:53:29,18383
2022-11-17 09:53:30,18382.9
2022-11-17 09:53:31,18383.05
2022-11-17 09:53:32,18382.9
2022-11-17 09:53:33,18383.55
2022-11-17 09:53:34,18384.15
2022-11-17 09:53:35,18383.3
2022-11-17 09:53:36,18383.75
2022-11-17 09:53:37,18383.55
2022-11-17 09:53:38,18384.05
2022-11-17 09:53:39,18384
2022-11-17 09:53:40,18384.8
2022-11-17 09:53:41,18384.8
2022-11-17 09:53:42,18384.2
2022-11-17 09:53:43,18385.05
2022-11-17 09:53:44,18384.25
2022-11-17 09:53:45,18384.3
2022-11-17 09:53:46,18383.65
2022-11-17 09:53:47,18383.35
2022-11-17 09:53:48,18382.55
2022-11-17 09:53:49,18382
2022-11-17 09:53:50,18381.45
2022-11-17 09:53:51,18382.75
2022-11-17 09:53:52,18382.5
2022-11-17 09:53:53,18382.55
2022-11-17 09:53:54,18382.75
2022-11-17 09:53:55,18382.7
2022-11-17 09:53:56,18382.45
2022-11-17 09:53:57,18382.1
2022-11-17 09:53:58,18381.9
2022-11-17 09:53:59,18382.1
2022-11-17 09:54:00,18380.75
2022-11-17 09:54:01,18380.95
2022-11-17 09:54:02,18381.65
2022-11-17 09:54:03,18380.65
2022-11-17 09:54:04,18380.7
2022-11-17 09:54:05,18380.2
2022-11-17 09:54:06,18379.9
2022-11-17 09:54:07,18380.35
2022-11-17 09:54:08,18380.1
2022-11-17 09:54:09,18380.5
2022-11-17 09:54:10,18380.5
2022-11-17 09:54:11,18380.6
2022-11-17 09:54:12,18380.55
2022-11-17 09:54:13,18381.1
2022-11-17 09:54:14,18381.05
2022-11-17 09:54:15,18378.75
2022-11-17 09:54:16,18380.4
2022-11-17 09:54:17,18380.7
2022-11-17 09:54:18,18381.05
2022-11-17 09:54:19,18381.45
2022-11-17 09:54:20,18381.5
2022-11-17 09:54:21,18381.9
2022-11-17 09:54:22,18381.75
2022-11-17 09:54:23,18379.8
2022-11-17 09:54:24,18381
2022-11-17 09:54:25,18381.05
2022-11-17 09:54:26,18381.65
2022-11-17 09:54:27,18380.3
2022-11-17 09:54:28,18381.4
2022-11-17 09:54:29,18382
2022-11-17 09:54:30,18381.25
2022-11-17 09:54:31,18381.55
2022-11-17 09:54:32,18379.6
2022-11-17 09:54:33,18380.3
2022-11-17 09:54:34,18380.3
2022-11-17 09:54:35,18381
2022-11-17 09:54:36,18380.8
2022-11-17 09:54:37,18381.5
2022-11-17 09:54:38,18382.2
2022-11-17 09:54:39,18382.3
2022-11-17 09:54:40,18382.7
2022-11-17 09:54:41,18382.95
2022-11-17 09:54:42,18384.45
2022-11-17 09:54:43,18383.25
2022-11-17 09:54:44,18383.95
2022-11-17 09:54:45,18383.15
2022-11-17 09:54:46,18383.85
2022-11-17 09:54:47,18384.45
2022-11-17 09:54:48,18384.25
2022-11-17 09:54:49,18384.5
2022-11-17 09:54:50,18384.8
2022-11-17 09:54:51,18384.15
2022-11-17 09:54:52,18384.5
2022-11-17 09:54:53,18384.05
2022-11-17 09:54:54,18384.4
2022-11-17 09:54:55,18384
2022-11-17 09:54:56,18383.2
2022-11-17 09:54:57,18384.3
2022-11-17 09:54:58,18383.4
2022-11-17 09:54:59,18383.7
2022-11-17 09:55:00,18384.35
2022-11-17 09:55:01,18384
2022-11-17 09:55:02,18384.7
2022-11-17 09:55:03,18383.95
2022-11-17 09:55:04,18383.5
2022-11-17 09:55:05,18384.05
2022-11-17 09:55:06,18385.3
2022-11-17 09:55:07,18385.2
2022-11-17 09:55:08,18385.7
2022-11-17 09:55:09,18386.2
2022-11-17 09:55:10,18387.05
2022-11-17 09:55:11,18386.6
2022-11-17 09:55:12,18385.35
2022-11-17 09:55:13,18384.6
2022-11-17 09:55:14,18385.55
2022-11-17 09:55:15,18385.55
2022-11-17 09:55:16,18384.9
2022-11-17 09:55:17,18384.9
2022-11-17 09:55:18,18385.45
2022-11-17 09:55:19,18385.4
2022-11-17 09:55:20,18385.8
2022-11-17 09:55:21,18386
2022-11-17 09:55:22,18386.05
2022-11-17 09:55:23,18386
2022-11-17 09:55:24,18386.2
2022-11-17 09:55:25,18386.4
2022-11-17 09:55:26,18386.4
2022-11-17 09:55:27,18386.55
2022-11-17 09:55:28,18387.2
2022-11-17 09:55:29,18387.7
2022-11-17 09:55:30,18388
2022-11-17 09:55:31,18388.6
2022-11-17 09:55:32,18388.9
2022-11-17 09:55:33,18389.6
2022-11-17 09:55:34,18389.85
2022-11-17 09:55:35,18390.25
2022-11-17 09:55:36,18392
2022-11-17 09:55:37,18392.35
2022-11-17 09:55:38,18393.45
2022-11-17 09:55:39,18393.6
2022-11-17 09:55:40,18394.4
2022-11-17 09:55:41,18393.75
2022-11-17 09:55:42,18394.5
2022-11-17 09:55:43,18394.3
2022-11-17 09:55:44,18395.05
2022-11-17 09:55:45,18394.4
2022-11-17 09:55:46,18395.25
2022-11-17 09:55:47,18394.9
2022-11-17 09:55:48,18395.75
2022-11-17 09:55:49,18395.35
2022-11-17 09:55:50,18396.2
2022-11-17 09:55:51,18395.65
2022-11-17 09:55:52,18395.6
2022-11-17 09:55:53,18396.15
2022-11-17 09:55:54,18395.6
2022-11-17 09:55:55,18395.6
2022-11-17 09:55:56,18396.2
2022-11-17 09:55:57,18395.3
2022-11-17 09:55:58,18395.6
2022-11-17 09:55:59,18395.75
2022-11-17 09:56:00,18396.75
2022-11-17 09:56:01,18398.3
2022-11-17 09:56:02,18397.85
2022-11-17 09:56:03,18397.9
2022-11-17 09:56:04,18398.95
2022-11-17 09:56:05,18399.1
2022-11-17 09:56:06,18398.65
2022-11-17 09:56:07,18398.6
2022-11-17 09:56:08,18399.95
2022-11-17 09:56:09,18399.85
2022-11-17 09:56:10,18399.95
2022-11-17 09:56:11,18400.4
2022-11-17 09:56:12,18399.3
2022-11-17 09:56:13,18399.8
2022-11-17 09:56:14,18399.85
2022-11-17 09:56:15,18398.7
2022-11-17 09:56:16,18400.6
